Date,AAPL,GLD,JPM,MSFT,NVDA,SPY
2018-01-02,102223600,11762500,13578800,22483800,355616000,86655700
2018-01-03,118071600,7904300,11901000,26061400,914704000,90070400
2018-01-04,89738400,7329700,12953700,21912000,583268000,80636400
2018-01-05,94640000,5739900,14155000,23407100,580124000,83524000
2018-01-08,82271200,3566700,12466500,22113000,881216000,57319200
2018-01-09,86336000,9153600,13292300,19484300,497000000,57254000
2018-01-10,95839600,14809300,15834500,18652200,582664000,69574300
2018-01-11,74670800,5994700,13676800,17808900,406032000,62361500
2018-01-12,101672400,9258600,18884200,24271500,359916000,90816100
2018-01-16,118263600,8083900,22703300,36599700,702348000,106555100
2018-01-17,137547200,10130500,14940300,25621200,538408000,113258800
2018-01-18,124773600,6289300,14572900,24159700,408632000,100728000
2018-01-19,129700400,8773800,18785500,36875000,609380000,140920100
2018-01-22,108434400,4893500,12475700,23601600,550944000,91322400
2018-01-23,130756400,6190400,12320800,23412800,475228000,97084700
2018-01-24,204420400,11827600,15904500,33277500,579972000,134816100
2018-01-25,166116000,15219700,13510000,26383200,409884000,84587300
2018-01-26,156572000,7828700,13883900,29172200,516356000,107743100
2018-01-29,202561600,6956400,11679900,31569900,455116000,90118300
2018-01-30,184192800,9736100,14279100,38635100,570832000,131796400
2018-01-31,129915600,13418900,13141400,48756300,478576000,108364800
2018-02-01,188923200,10854600,13800600,47227900,519224000,90102500
2018-02-02,346375200,16789200,16477300,47867800,718464000,173174800
2018-02-05,290954000,13596300,30097600,51031500,1165204000,294681800
2018-02-06,272975200,17672500,33114800,67998600,1114800000,355026800
2018-02-07,206434400,8558500,21878300,41107600,802932000,167376100
2018-02-08,217562000,7343600,27425800,55628700,1144000000,246449500
2018-02-09,282690400,14140700,28188000,63499100,1674604000,283565300
2018-02-12,243278000,6984900,18043300,35720300,1093172000,143736000
2018-02-13,130196800,5321300,16358200,26407700,625524000,81223600
2018-02-14,162579600,16416400,15186900,34960900,744988000,120735700
2018-02-15,204588800,7276500,12130200,27823900,698900000,111200300
2018-02-16,160704400,7956900,13214300,30596900,637656000,160420100
2018-02-20,135722000,11148700,13461500,30911700,686240000,86369700
2018-02-21,149886400,7908800,14212500,26922500,892292000,98883700
2018-02-22,123967600,5346300,17070400,24392800,534364000,110511300
2018-02-23,135249600,4239700,12162500,26329200,415300000,92766400
2018-02-26,152648800,3194300,16511200,30199800,469312000,86491400
2018-02-27,155712400,7082300,17563300,25869100,455436000,99099200
2018-02-28,151128400,4534900,17735600,31167300,523116000,121907800
2018-03-01,195208000,12910100,18690000,37135600,1040120000,176855100
2018-03-02,153816000,9994300,18353700,32830400,913428000,139083200
2018-03-05,113605600,5778300,13933000,23901600,620776000,97307400
2018-03-06,95154000,8676800,10674400,22175800,636808000,79213200
2018-03-07,126814000,5158700,13006500,26716100,581208000,87063500
2018-03-08,95096400,3474900,11173700,25887800,411912000,66901200
2018-03-09,128740800,5066800,15366600,36937300,505524000,113625300
2018-03-12,128828400,2884300,12339300,26073700,605060000,71924800
2018-03-13,126774000,4798300,13312300,35387800,619772000,91968900
2018-03-14,117473600,3777000,12905100,32132000,505496000,105895100
2018-03-15,90975200,6130100,8748000,27611000,401952000,83433000
2018-03-16,157618800,7402200,19888900,49081300,399456000,100343700
2018-03-19,133787200,4335400,13214900,33344100,713772000,109208400
2018-03-20,78597600,3399400,9921200,23075200,554696000,59757300
2018-03-21,148219600,12532000,13633000,24457100,438688000,78709600
2018-03-22,165963200,5298700,22550400,38604700,551196000,148785900
2018-03-23,164115200,12025900,23081500,44068900,735620000,183534800
2018-03-26,150164800,6169800,20217500,56396800,611424000,141956100
2018-03-27,163690400,6180700,18039900,56569000,1409000000,129941400
2018-03-28,166674000,10254900,19189300,52501100,945904000,146452300
2018-03-29,153594000,7102000,13274600,45867500,916628000,111601600
2018-04-02,150347200,11421100,18822500,48515400,922092000,186286300
2018-04-03,121112000,6083700,14050700,37213800,667432000,119956900
2018-04-04,138422000,7488300,15302600,35560000,789168000,123715300
2018-04-05,107732800,5333000,16627000,29771900,701240000,82652600
2018-04-06,140021200,6121200,18906000,38026000,662988000,179521200
2018-04-09,116070800,4189900,15974300,31533900,499524000,105442900
2018-04-10,113634400,5268800,13951400,26812000,761676000,103529000
2018-04-11,89726400,12348600,14503300,24872100,460244000,91140200
2018-04-12,91557200,8141300,16435500,26758900,593920000,68890500
2018-04-13,100497200,6821300,39152800,23346100,503036000,85079200
2018-04-16,86313600,4600000,16580500,20288100,350792000,63405300
2018-04-17,106421600,4184100,15501400,26771000,447224000,64682000
2018-04-18,83018000,6755600,16081400,21043300,391364000,57303900
2018-04-19,139235200,8736100,17911000,23552500,471996000,77655900
2018-04-20,261964400,10403100,15584400,31154400,386200000,99953100
2018-04-23,146062000,6921500,11285800,22331800,427508000,65558000
2018-04-24,134768000,4733100,16453100,34524800,414596000,112885500
2018-04-25,113528400,5985700,13548200,33729300,588492000,103840900
2018-04-26,111852000,7517100,10299500,42529000,375824000,67731900
2018-04-27,142623200,5654000,9384000,48272800,400848000,57053600
2018-04-30,169709600,9830600,13744900,41523600,327844000,82182300
2018-05-01,214277600,7551600,10503400,31408900,253788000,74203400
2018-05-02,266157600,7614000,12162100,27471000,268248000,86368900
2018-05-03,136272800,4857400,15379100,31142500,443144000,136311500
2018-05-04,224805200,5883600,11967900,22531300,400660000,91222100
2018-05-07,169805600,3397500,9356700,24242000,687616000,55304900
2018-05-08,113611200,5551100,12543200,23484600,506616000,67499200
2018-05-09,92844800,4405600,11368100,27327400,596760000,59666100
2018-05-10,111957200,5218400,9159700,22388100,994080000,72063900
2018-05-11,104848800,4299200,10253000,16778300,1214456000,59871500
2018-05-14,83115200,3753200,8710700,19454100,523140000,54790600
2018-05-15,94780800,10911900,11536200,24594000,963528000,87036100
2018-05-16,76732400,4943300,7571100,17384700,553828000,53942600
2018-05-17,69176000,7781300,8617200,17246700,519784000,56536400
2018-05-18,73190800,6837100,11806300,17865800,483716000,64368000
2018-05-21,73603200,4126700,9441900,19422500,640624000,58025900
2018-05-22,60962800,4579600,11507600,15441200,518264000,52966400
2018-05-23,80233600,7007300,11453900,21251200,442956000,64694200
2018-05-24,92936000,8850100,14084800,26649300,437372000,76043800
2018-05-25,69844000,7920700,8283500,18363900,292112000,56374800
2018-05-29,90056400,9013200,30643800,28671000,352684000,115908600
2018-05-30,74762000,4573700,17490800,22158500,390996000,69678400
2018-05-31,109931200,7862500,19808200,34140900,493868000,93519900
2018-06-01,93770000,8059100,13594200,28655600,421968000,71258400
2018-06-04,105064800,4345400,9415400,27281600,642024000,45385200
2018-06-05,86264000,6864200,10415200,23514400,391712000,51135000
2018-06-06,83734400,4083700,15453600,21122900,371356000,62732200
2018-06-07,85388800,3700700,13444400,28232200,369448000,72969400
2018-06-08,106627200,3865700,10383200,22165100,360456000,72139700
2018-06-11,73234000,3201200,12642900,23490900,265372000,58892500
2018-06-12,67644400,7279600,15294100,18325200,319160000,72329000
2018-06-13,86553600,5867700,14979700,29492900,338208000,79070600
2018-06-14,86440400,8015400,20487300,25691800,430016000,77097600
2018-06-15,246876800,14537000,26028600,65738600,432260000,120041600
2018-06-18,73939600,3846000,9786800,23586000,356268000,52917600
2018-06-19,134314000,4925800,12707200,28653100,594932000,97531500
2018-06-20,82514800,4548500,8876900,26180800,369780000,53785500
2018-06-21,102847600,5681900,11048700,23198200,359516000,71061400
2018-06-22,108801600,4489400,19478900,38923100,434160000,54898500
2018-06-25,126652400,9300200,16907600,35433300,665816000,137854200
2018-06-26,98276800,8674500,17086800,26897200,478884000,68547400
2018-06-27,101141200,6480100,16276800,31298400,453892000,105110700
2018-06-28,69460800,7760500,14491300,26650700,338012000,76650500
2018-06-29,90950800,8002800,18972400,28053200,392300000,97592500
2018-07-02,70925200,12021900,11130000,19564500,357572000,63554800
2018-07-03,55819200,8901000,8311700,14670300,222732000,42187100
2018-07-05,66416800,4951900,10723400,18977400,306216000,56925900
2018-07-06,69940800,2946900,12173700,19234600,296352000,66493700
2018-07-09,79026400,4074900,13900800,18212000,303880000,50550400
2018-07-10,63756400,3754800,14575900,19293100,360016000,51966800
2018-07-11,75326000,6974500,10186500,19644600,367508000,77054700
2018-07-12,72164400,4585300,12456800,24335900,345508000,60124700
2018-07-13,50055600,5444300,21289100,24635200,246988000,48216000
2018-07-16,60172400,3670700,24662600,21786900,197036000,48201000
2018-07-17,62138000,7939600,14821900,25901700,362136000,52315500
2018-07-18,65573600,5391800,14244900,29493900,277640000,44593500
2018-07-19,81147200,14227600,16775300,40171600,235752000,61412100
2018-07-20,82704800,7892000,13578100,56004000,222352000,82337700
2018-07-23,63957600,6247100,18140000,29707000,301584000,47047600
2018-07-24,74791600,4801000,14000400,26316600,354620000,68026900
2018-07-25,66839600,5479600,13329100,30702100,319112000,78882900
2018-07-26,76304000,6382700,11897800,31372100,325124000,57919500
2018-07-27,96096000,5242000,12802700,37005300,295420000,76768700
2018-07-30,84118000,4157400,13411600,34668300,340340000,63742500
2018-07-31,157492000,5508500,15843800,27655200,283988000,68570500
2018-08-01,271742800,7941700,13531600,23628700,283556000,53853300
2018-08-02,249616000,6204200,11058100,26104300,269668000,63426400
2018-08-03,133789600,5953200,11016100,18659600,214288000,53935400
2018-08-06,101701600,5811600,9857400,20265900,207508000,39400900
2018-08-07,102349600,5188000,10562100,16080200,258132000,43196600
2018-08-08,90102000,3808000,8997100,15487500,262100000,42114600
2018-08-09,93970400,4253000,9694200,13677200,204280000,35717000
2018-08-10,98444800,6757900,12630600,18183700,256396000,77076000
2018-08-13,103563600,9150900,10336300,18472500,375208000,65732900
2018-08-14,82992000,7085900,10597600,16788300,466220000,43842000
2018-08-15,115230400,12398400,10152100,29982800,591136000,102925400
2018-08-16,114001600,7484600,10118600,21384300,801260000,69967900
2018-08-17,141708000,8471000,8505100,18061500,1143188000,65618500
2018-08-20,121150800,5313400,8618700,17914200,854388000,39807500
2018-08-21,104639200,5042400,10976700,22881900,673988000,67272000
2018-08-22,76072400,6215600,8314700,18000600,749856000,44993300
2018-08-23,75532800,5500100,9265400,18167700,720684000,49204900
2018-08-24,73905600,9214700,8845700,17234000,531512000,57487400
2018-08-27,82100400,4364000,13768000,19662300,505776000,57072400
2018-08-28,91107200,6101400,8302600,19151500,475384000,46943500
2018-08-29,109019200,5616300,7221700,20818000,420108000,61485500
2018-08-30,195175200,5431600,8991800,22798700,346608000,61229500
2018-08-31,173360400,5048700,13065700,23222700,306592000,66140800
2018-09-04,109560400,6617500,10174200,22634600,391720000,57594400
2018-09-05,133332000,4459200,11462400,32872400,393156000,72452400
2018-09-06,137160000,4784700,9877600,23477600,322796000,65909900
2018-09-07,150479200,3714000,10955600,22498600,295420000,73524800
2018-09-10,158066000,2316500,8276900,20727900,220140000,50210900
2018-09-11,142996000,3791300,9333800,24301800,243112000,50530500
2018-09-12,197114800,6315900,10800800,18891100,419092000,59810800
2018-09-13,166825600,5635900,12470800,26055600,305536000,51034200
2018-09-14,127997200,5375600,10337900,19122300,386936000,55079900
2018-09-17,148780400,4727300,9561300,20736500,205528000,68244000
2018-09-18,126286800,4737800,7944200,22170900,299520000,61930400
2018-09-19,108495200,4223200,16052800,21728400,224860000,49080600
2018-09-20,106435200,4384200,15590000,23714500,430584000,100360600
2018-09-21,384986800,6831400,24788200,71229700,435128000,105479700
2018-09-24,110773600,4435300,12492500,27334500,293912000,53409600
2018-09-25,98217600,3004800,9308300,22668000,280388000,44370000
2018-09-26,95938800,8297300,14023600,19352000,268548000,79739700
2018-09-27,120724800,7683400,13283000,19091300,214428000,59249500
2018-09-28,91717600,6020600,15815100,21647800,709396000,70091400
2018-10-01,94403200,3892600,10146300,18883100,622060000,62078900
2018-10-02,99152800,10776700,13753100,20787200,383964000,47258200
2018-10-03,114619200,6674500,17142000,16648000,320552000,64694600
2018-10-04,128168000,6616200,16357400,34821700,391220000,111545900
2018-10-05,134322000,7994400,13777600,29068900,426636000,105951700
2018-10-08,118655600,12111600,14370900,29640600,408612000,87742200
2018-10-09,107564000,8352300,14069500,26198600,273500000,74339000
2018-10-10,167962400,10571300,23086400,61376300,684940000,214731000
2018-10-11,212497600,26810900,33705600,63904300,725436000,274840500
2018-10-12,161351600,12939300,32075700,47742100,608236000,183186500
2018-10-15,123164000,11828400,18903200,32068100,449760000,102263700
2018-10-16,116736000,9531800,19302800,31610200,408712000,118255800
2018-10-17,91541600,7078600,18794500,26548200,329668000,110626000
2018-10-18,130325200,7964100,17582500,32506200,524020000,134557500
2018-10-19,132314800,7453900,15234500,32785500,613608000,139901600
2018-10-22,115168400,5200500,16199100,26545600,368844000,82415800
2018-10-23,155071200,12704200,21407500,43770400,626436000,146352700
2018-10-24,163702000,8563300,23168900,63897800,884288000,177806700
2018-10-25,119423200,8303500,17464700,61646800,951720000,138061500
2018-10-26,189033600,15733100,19174900,55523100,664784000,201574600
2018-10-29,183742000,8732500,18445200,55162000,758016000,160749100
2018-10-30,146640000,7233300,18019700,65350900,807192000,157116000
2018-10-31,153435600,11409300,20860000,51062400,745772000,128296300
2018-11-01,233292800,13662900,13065000,33384200,566528000,99495000
2018-11-02,365314800,8796900,19009200,37680200,452960000,122634100
2018-11-05,264654800,6291500,10276400,27922100,379332000,65622500
2018-11-06,127531600,7270800,10825000,24340200,299012000,60085900
2018-11-07,133697600,8392100,12679600,37901700,483812000,102752100
2018-11-08,101450400,7638800,11662500,25644100,511352000,65584900
2018-11-09,137463200,14159200,10432200,32039200,413240000,98812600
2018-11-12,204542000,7498600,13279700,33621800,617116000,99673600
2018-11-13,187531600,9309000,13746100,35374600,644712000,98176600
2018-11-14,243204000,13950200,18361400,39495100,526580000,125335900
2018-11-15,185915200,8910600,19100000,38505200,840708000,135101400
2018-11-16,147713200,8577000,13798600,33502100,1963520000,126668000
2018-11-19,167701200,8508300,13987000,44773900,1697820000,103061700
2018-11-20,271300800,9075100,18936200,64052500,1692032000,136021300
2018-11-21,124496800,8834200,10619600,28130600,1025496000,75563700
2018-11-23,94496000,3726600,6488400,13823100,411968000,42807900
2018-11-26,179994000,4018600,13948300,32336200,814832000,79981400
2018-11-27,165549600,9671100,9238200,29124500,738060000,75502400
2018-11-28,184250000,13788800,13977300,46788500,804524000,127629600
2018-11-29,167080000,6479300,11144300,28123200,549172000,82346400
2018-11-30,158126000,8169600,18652700,33665600,729564000,98204200
2018-12-03,163210000,8469500,16034500,34732800,890804000,103176300
2018-12-04,165377200,7186100,23555900,45197000,812112000,177986000
2018-12-06,172393600,9267600,27213900,49107400,692308000,204185400
2018-12-07,169126400,10402900,19248600,45044900,681676000,161018900
2018-12-10,248104000,8117900,23636400,40801500,629472000,151445900
2018-12-11,189126800,6395400,16860700,42381900,671912000,121504400
2018-12-12,142510800,4136800,22621500,36183000,654136000,97976700
2018-12-13,127594400,4131800,17250900,31333400,471384000,96662700
2018-12-14,162814800,7501700,19879500,47043100,471820000,116961100
2018-12-17,177151600,8454900,25113500,56957300,662868000,165492300
2018-12-18,135366000,7542900,20837200,49319200,564372000,134515100
2018-12-19,196189200,13827500,28767900,68198200,745364000,214992800
2018-12-20,259092000,18615100,31825200,70334200,749588000,252053400
2018-12-21,382978400,13629800,41313900,111242100,863740000,255345600
2018-12-24,148676800,9736400,17009300,43935200,463840000,147311600
2018-12-26,234330000,14293500,22542900,51634800,695100000,218485400
2018-12-27,212468400,11874400,20304700,49498500,637044000,186267300
2018-12-28,169165600,6864700,17963300,38196300,628728000,153100200
2018-12-31,140014000,8449400,13237200,33173800,465140000,144299400
2019-01-02,148158800,12776200,15670900,35329300,508752000,126925200
2019-01-03,365248800,15440800,16286400,42579100,705552000,144140700
2019-01-04,234428400,13334000,16935200,44060600,585620000,142628800
2019-01-07,219111200,7473600,15430700,35656100,709160000,103139100
2019-01-08,164101200,7643100,13578800,31514400,786016000,102512600
2019-01-09,180396400,10555900,14230300,32280800,617260000,95006600
2019-01-10,143122800,6672000,14376100,30067600,523156000,96823900
2019-01-11,108092800,8622400,15439900,28314200,874764000,73858100
2019-01-14,129756800,6477100,21258500,28437100,730168000,70908200
2019-01-15,114843600,7512500,26504900,31587600,617012000,85208300
2019-01-16,122278800,6878100,18533000,29853900,470104000,77636700
2019-01-17,119284800,8558500,14247600,28393000,493436000,96118400
2019-01-18,135004000,10896000,16428700,37427600,651336000,127900300
2019-01-22,121576000,7896500,17083700,32371300,661552000,115531200
2019-01-23,92522400,5224900,12146700,25874300,591020000,86030300
2019-01-24,101766000,5662500,11296800,23164800,708972000,59204100
2019-01-25,134142000,11103300,14369400,31225600,1154572000,96883400
2019-01-28,104768400,8522200,12283100,29476700,2511528000,85613700
2019-01-29,166348800,11610200,9743300,31490500,1153932000,66136300
2019-01-30,244439200,12104000,12526300,49471900,974228000,92473700
2019-01-31,162958400,10209500,17520600,55636400,842852000,104012100
2019-02-01,130672400,12485500,13000800,35535700,625048000,85782500
2019-02-04,125982000,6878900,9871500,31315100,528592000,60744800
2019-02-05,144406400,6291100,12763000,27325400,542424000,79552800
2019-02-06,112958400,6595100,8745000,20609800,702464000,58347800
2019-02-07,126966800,5935500,13177500,29760700,637120000,95482000
2019-02-08,95280000,4235200,12892600,21461100,461604000,75788900
2019-02-11,83973600,4821800,10978500,18914100,495180000,68021400
2019-02-12,89134000,4271900,12852300,25056600,591060000,72270200
2019-02-13,89960800,7640500,10754100,18394900,605372000,65277200
2019-02-14,87342800,6276500,11518500,21784700,827264000,83234400
2019-02-15,98507200,12190100,14716900,26606900,1516748000,97088700
2019-02-19,75891200,15614000,12764900,18038500,551892000,59120800
2019-02-20,104457600,8889700,10030300,21607700,540988000,76610800
2019-02-21,68998800,8634600,8400100,29063200,448548000,64214700
2019-02-22,75652800,5439400,10647300,27763200,401740000,78114600
2019-02-25,87493600,4882600,11230700,23750600,656020000,69030700
2019-02-26,68280800,5153200,15465400,21536700,488464000,56844100
2019-02-27,111341600,7935600,9968800,21487100,500256000,56921600
2019-02-28,112861600,7811700,15156900,29083900,324944000,69268300
2019-03-01,103544800,16411700,13813300,23501200,357188000,78880500
2019-03-04,109744800,10272600,12466300,26608000,409992000,106494600
2019-03-05,78949600,7120100,10856600,19538300,362924000,59114600
2019-03-06,83241600,4820400,9070800,17687000,403524000,75039800
2019-03-07,99185600,6088800,12705700,25339000,450104000,94885100
2019-03-08,95997600,10427700,10582400,22818400,422416000,85795800
2019-03-11,128044000,6708700,9763200,26491600,859728000,65098900
2019-03-12,129870400,6289900,10219100,26132700,579576000,79667500
2019-03-13,124130000,7377300,13022200,35513800,768900000,80639200
2019-03-14,94318000,6778200,10926500,30763400,519384000,67518400
2019-03-15,156171600,9412000,24811700,54681100,661484000,81309000
2019-03-18,104879200,7783200,12935500,31207600,486992000,62199800
2019-03-19,126585600,6558700,12889300,37588700,854972000,90268100
2019-03-20,124140800,11304900,14920700,28113300,719148000,84609200
2019-03-21,204136800,7739800,19751000,29854400,824312000,79550400
2019-03-22,169630800,5874000,31115200,33624500,747644000,122659300
2019-03-25,175381200,7288300,21032300,27067100,525212000,85575200
2019-03-26,199202000,5056100,15987100,26097700,703508000,68125900
2019-03-27,119393600,6595000,12753200,22733400,474372000,72224700
2019-03-28,83121600,11878300,12454100,18334800,480264000,56238500
2019-03-29,94256000,7093900,14523400,25399800,456896000,82186800
2019-04-01,111448000,13560000,17499300,22789100,483824000,77617900
2019-04-02,91062800,4475000,10295400,18142300,440920000,40070400
2019-04-03,93087200,6152200,11499200,22860700,783504000,68243200
2019-04-04,76457200,7508400,11952100,20112800,457376000,48997500
2019-04-05,74106400,5114500,9933700,15826200,481744000,58621700
2019-04-08,103526800,4270800,8056300,15116200,424192000,53566300
2019-04-09,143072800,4648400,9092200,17612000,439972000,66142300
2019-04-10,86781200,6344800,10882300,16477200,444772000,52601500
2019-04-11,83603200,11694500,11183800,14209100,374600000,55093100
2019-04-12,111042800,5272800,25834100,19745100,471708000,69727800
2019-04-15,70146400,4252400,15163800,15792600,440092000,49596700
2019-04-16,102785600,10097800,11583200,14071800,394964000,52153200
2019-04-17,115627200,4693900,17791900,19300900,351004000,58268300
2019-04-18,96783200,4090400,12501900,27991000,380988000,68708500
2019-04-22,77758000,2250900,7975900,15648700,279936000,40160100
2019-04-23,93292000,5574800,9193100,24025500,346856000,52246600
2019-04-24,70162400,4173000,9245700,31257000,318204000,50392900
2019-04-25,74172800,4836900,9311800,38033900,499296000,57770900
2019-04-26,74596400,6022700,7889300,23654900,868988000,50916400
2019-04-29,88818800,4469300,14242200,16324200,391920000,57197700
2019-04-30,186139600,4758600,11389100,24166500,362920000,81111700
2019-05-01,259309200,12331800,10412900,26821700,354280000,71671900
2019-05-02,127985200,6759600,8613300,27350200,394684000,65030200
2019-05-03,83569600,8414400,8185400,24911100,336824000,56543700
2019-05-06,129772400,3479600,9387000,24239800,422176000,107198100
2019-05-07,155054800,4010700,15017700,36017700,555220000,144729900
2019-05-08,105358000,4178800,9575800,28419000,419168000,91568300
2019-05-09,139634400,5015500,12205900,27235800,660248000,103471100
2019-05-10,164834800,4586000,13189000,30915100,569500000,112429300
2019-05-13,229722400,11130900,13783700,33944900,656912000,127290500
2019-05-14,146118800,5556000,10503600,25266300,524880000,77003200
2019-05-15,106178800,10299000,10142000,24722700,502320000,73956400
2019-05-16,132125600,6349400,9672700,30112200,781088000,76749600
2019-05-17,131516400,6589300,9570100,25770500,1022068000,100353000
2019-05-20,154449200,4345800,8518200,23706900,572064000,62877600
2019-05-21,113459200,3845600,7967900,15293300,361848000,46847100
2019-05-22,118994400,3741800,7918900,15396500,325868000,49482500
2019-05-23,146118800,6054600,14558000,23603800,591844000,98733800
2019-05-24,94858800,2324700,8537300,14123400,357584000,55268100
2019-05-28,111792800,4303500,11665500,23128400,428356000,70029400
2019-05-29,113924800,4133200,9966400,22763100,559800000,104972900
2019-05-30,84873600,7757000,10367800,16829600,394300000,62523800
2019-05-31,108174400,15367000,10952800,26646800,389720000,86862800
2019-06-03,161584400,14173600,11680700,37983600,478644000,96428000
2019-06-04,123872000,7997100,12858600,29382600,641836000,77231900
2019-06-05,119093600,7637900,8340500,24926100,511616000,71169700
2019-06-06,90105200,5551800,8726700,21459000,408140000,69430400
2019-06-07,122737600,8145900,10618900,33885600,348856000,74272200
2019-06-10,104883600,5410000,11380600,26477100,402780000,60799100
2019-06-11,107731600,4757800,9847700,23913700,383872000,58641300
2019-06-12,73012800,5756200,9670500,17092500,358892000,47096300
2019-06-13,86698400,5374800,8406900,17200800,308080000,48945200
2019-06-14,75046000,9226100,9077400,17821700,394428000,52324700
2019-06-17,58676400,4763300,8128600,14517800,276040000,39205700
2019-06-18,106204000,10309600,11057300,25934500,581920000,85434800
2019-06-19,84496800,11660600,13126500,23744400,331644000,78674400
2019-06-20,86056000,18636300,13638000,33042600,350168000,116570000
2019-06-21,191202400,15068000,27089500,36727900,434428000,83309500
2019-06-24,72881600,17851800,13039600,20628800,282948000,47582700
2019-06-25,84281200,24772200,18660100,33327400,311868000,82028700
2019-06-26,104270000,12016400,10324600,23657700,584072000,51584900
2019-06-27,83598800,8412800,10906600,16557500,445440000,40355200
2019-06-28,124442400,8077000,21634700,30043000,397668000,59350900
2019-07-01,109012000,13317700,12724500,22613500,709756000,78705600
2019-07-02,67740800,13282100,10174900,15237800,400228000,61504500
2019-07-03,45448000,6351500,6849400,13629300,246636000,40898900
2019-07-05,69062000,11536600,7929400,18141100,396552000,51677300
2019-07-08,101354400,8028900,6917200,16779700,329788000,45841800
2019-07-09,82312000,6633400,8947300,19953100,342860000,41101300
2019-07-10,71588400,13920600,9242300,24204400,452076000,58448500
2019-07-11,80767200,7535100,11595200,22327900,682560000,50826100
2019-07-12,70380800,6309500,10783400,18936800,506392000,40326000
2019-07-15,67789600,4026600,12946600,16651500,289840000,33900000
2019-07-16,67467200,7966000,16945000,22726100,341444000,36650100
2019-07-17,56430000,11288300,13120900,20211000,348204000,36036300
2019-07-18,74162400,18448200,9397200,30381800,442192000,51392600
2019-07-19,83717200,18079200,10402800,48992400,344896000,58678600
2019-07-22,89111600,7570400,9061100,25074900,315940000,43638100
2019-07-23,73420800,9981400,12752200,18034600,428176000,44564500
2019-07-24,59966400,6715200,10011000,20738300,366236000,47213200
2019-07-25,55638400,11708200,10138400,18356900,392700000,55394100
2019-07-26,70475600,6249900,12800400,19037600,274160000,45084100
2019-07-29,86693600,9162400,8500400,16605900,248160000,38126500
2019-07-30,135742800,9458700,7121100,16846500,197772000,45849000
2019-07-31,277125600,18797200,13648000,38598800,359416000,104245200
2019-08-01,216071600,27719800,15664500,40557500,421212000,142646600
2019-08-02,163448400,13753200,11025500,30791600,428348000,116749700
2019-08-05,209572000,17519800,15855300,42749600,589156000,178745400
2019-08-06,143299200,9471200,10203500,32696700,361272000,120711700
2019-08-07,133457600,26671100,17320900,33414500,372560000,140572300
2019-08-08,108038000,13108600,10903300,27496500,309300000,87713900
2019-08-09,98478800,9485900,9980800,23466700,341816000,93730000
2019-08-12,89927600,15264000,9393700,20484300,279200000,65527600
2019-08-13,188874000,29842800,12124700,25154600,351956000,94299800
2019-08-14,146189600,20672900,19491800,32527300,419880000,135622100
2019-08-15,108909600,13467800,13365600,28074400,477200000,99556600
2019-08-16,110481600,11728800,11830600,24449100,1007960000,83018300
2019-08-19,97654400,10552700,8265400,24355700,815112000,53571800
2019-08-20,107537200,7478500,8374000,21170800,463188000,51596400
2019-08-21,86141600,8114700,8189300,14970300,427244000,49524700
2019-08-22,89014800,6846500,9343400,18697000,303488000,51666400
2019-08-23,187272000,20282200,14762300,38508600,568056000,149161500
2019-08-26,104174400,12195800,8209500,20312600,318208000,72423800
2019-08-27,103493200,12844100,14331800,23102100,290968000,66668900
2019-08-28,63755200,11452400,10585500,17393300,255612000,59696700
2019-08-29,83962000,14762500,10002200,20168700,357976000,57899400
2019-08-30,84573600,9642200,10170300,23940100,290616000,62901200
2019-09-03,80092000,15615200,9868800,18869300,296140000,69101400
2019-09-04,76752400,11285900,6929200,17995900,227728000,46887300
2019-09-05,95654800,20293200,13224700,26101800,695676000,83258100
2019-09-06,77449200,14175200,7836600,20824500,376976000,49584300
2019-09-09,109237600,11323800,13985100,25773900,417524000,51260300
2019-09-10,127111600,12629200,14333100,28903400,352812000,57947100
2019-09-11,177158400,7453000,9919200,24726100,361512000,68821100
2019-09-12,128906800,12673700,12283500,27010000,327840000,72908700
2019-09-13,159053200,13451700,16257200,23363100,324592000,62104800
2019-09-16,84632400,8094600,11993900,16731400,231832000,58191200
2019-09-17,73274800,7010200,10735400,17814200,223048000,41475500
2019-09-18,101360000,15026300,10665600,23982100,258152000,73375800
2019-09-19,88242400,8057400,9382600,35772100,245476000,76560500
2019-09-20,221652400,12110000,21862800,39167300,350244000,89565000
2019-09-23,76662000,9006500,9135100,17139300,249712000,43476800
2019-09-24,124763200,10576300,11696500,29773200,317268000,94869400
2019-09-25,87613600,11648400,9389400,21382000,308432000,71854000
2019-09-26,75334000,7984600,9899200,17456600,234564000,56179700
2019-09-27,101408000,9804200,10207800,22477700,362056000,84746600
2019-09-30,103909600,15459100,9755000,17280900,186184000,51662400
2019-10-01,139223200,12476200,11250300,21466600,366008000,88242400
2019-10-02,138449200,11914300,12548700,30521700,293372000,122539500
2019-10-03,114426000,12396100,12735200,24132900,450588000,85278800
2019-10-04,138478800,9651000,9453100,22897700,265524000,65091200
2019-10-07,122306000,6127200,6771600,15303700,480984000,59610500
2019-10-08,111820000,10428900,10806300,25550500,444436000,95708100
2019-10-09,74770400,6927700,7273700,19749900,292412000,62359400
2019-10-10,113013600,9301700,10994100,17654600,309124000,55296300
2019-10-11,166795600,11333400,15076500,25446000,446404000,98720400
2019-10-14,96427600,4006700,8779000,13304300,200040000,40394800
2019-10-15,87360000,9128300,23379000,19695700,664124000,46754500
2019-10-16,73903200,10330300,11087700,20751600,428944000,48928200
2019-10-17,67585200,6131000,10818500,21460600,263436000,45736600
2019-10-18,97433600,6416100,10417400,32273500,307440000,64304000
2019-10-21,87247200,8306200,12714600,20078200,261868000,39048600
2019-10-22,82293600,3879700,12549100,27431000,328720000,48594700
2019-10-23,75828800,4155300,8828300,29844600,279916000,34352200
2019-10-24,69275200,6174800,8020500,37029300,232020000,35453100
2019-10-25,73477200,6011500,9055700,25959700,423092000,45205400
2019-10-28,96572800,5442000,9522200,35280100,330792000,42147000
2019-10-29,142839600,3835400,9797300,20589500,211236000,44284900
2019-10-30,124522000,6992900,8513700,18496600,205960000,49643900
2019-10-31,139162000,7050900,11589100,24605100,209732000,69053800
2019-11-01,151125200,8090000,11682600,33128400,283640000,71141500
2019-11-04,103272000,4740300,9159900,16912000,376716000,60606900
2019-11-05,79897600,11782300,13747600,18250200,300868000,42933200
2019-11-06,75864400,6416500,11231100,16575800,269012000,46487100
2019-11-07,94940400,15214200,13528900,17786700,280340000,54272300
2019-11-08,69986400,10377400,9293400,16732700,189100000,49032100
2019-11-11,81821200,7037300,8679000,14362600,243436000,35797300
2019-11-12,87388800,6448600,9099000,18641600,283504000,46484600
2019-11-13,102734400,8776000,8023300,16919200,300188000,53917700
2019-11-14,89182800,5220500,8483400,19729800,518080000,51219900
2019-11-15,100206400,10106700,10163600,23485700,1053628000,62023600
2019-11-18,86703200,5717900,8749300,21534000,574588000,49228000
2019-11-19,76167200,4824400,8824500,23935700,414564000,67804700
2019-11-20,106234400,6892100,11782800,25696800,472588000,79406200
2019-11-21,121395200,4197200,7705500,18576100,288388000,54664700
2019-11-22,65325200,3620300,8167900,15901800,224100000,44850200
2019-11-25,84020400,6415800,10068500,22420900,506476000,48647200
2019-11-26,105207600,4724400,10490700,24620100,385244000,37569000
2019-11-27,65235600,4111000,6607900,15184400,215784000,44444600
2019-11-29,46617600,4516400,5712000,11977300,141556000,36592700
2019-12-02,94487200,8274700,8615600,27418400,372036000,75767800
2019-12-03,114430400,8481700,10361300,24066000,465232000,73941700
2019-12-04,67181600,6322300,10318200,17574700,273424000,49080000
2019-12-05,74424400,5671500,9587400,17869100,184884000,40709000
2019-12-06,106075600,8714500,10170600,16403500,232236000,48927000
2019-12-09,128042400,2711600,8498200,16687400,211880000,34838500
2019-12-10,90420400,3240800,7532900,16476100,256388000,52649800
2019-12-11,78756800,6097500,9011900,18856600,233796000,53429100
2019-12-12,137310400,8815100,13717400,24612100,404348000,96389600
2019-12-13,133587600,6964300,10592100,23845400,454704000,81503900
2019-12-16,128186000,4646100,11372000,24144200,320976000,82749700
2019-12-17,114158400,4287500,11546800,25425600,321196000,61097700
2019-12-18,116028400,3607600,10381500,24129200,343548000,48133000
2019-12-19,98369200,4975000,9350400,24958900,445360000,85310500
2019-12-20,275978000,4463900,29992600,53477500,603044000,147142100
2019-12-23,98572000,5180900,9738400,17718200,355060000,52990000
2019-12-24,48478800,5303700,3324300,8989200,138864000,20270000
2019-12-26,93121200,8342500,6770900,14520600,182852000,30911200
2019-12-27,146266000,5119900,7868200,18412800,254644000,42528800
2019-12-30,144114400,4810600,6963000,16348400,258056000,49729100
2019-12-31,100805600,5313500,7201600,18369400,231004000,57077300
2020-01-02,135480400,7733800,10803700,22622100,237536000,59151200
2020-01-03,146322800,12272800,10386800,21116200,205384000,77709700
2020-01-06,118387200,14403300,10259000,20813700,262636000,55653900
2020-01-07,108872000,7978500,10531300,21634100,314856000,40496400
2020-01-08,132079200,22248500,9695300,27746500,277108000,68296000
2020-01-09,170108400,10292300,9469000,21385000,255112000,48473300
2020-01-10,140644800,6183300,10190900,20725900,316296000,53029300
2020-01-13,121532000,7593800,12355200,21626500,319840000,47086800
2020-01-14,161954400,6589700,24906000,23477400,359088000,62832800
2020-01-15,121923600,6510000,16293400,21417900,263104000,72056600
2020-01-16,108829200,6069100,10783800,23865400,284192000,54050300
2020-01-17,137816400,11121100,14697700,34371700,253792000,95846000
2020-01-21,110843200,6086100,8474200,29517200,217916000,77742400
2020-01-22,101832400,4778200,7549100,24138800,239240000,48914900
2020-01-23,104472000,8419800,9345700,19680800,244516000,51963000
2020-01-24,146537600,9919900,15166400,24918100,373512000,87578400
2020-01-27,161940000,9988100,12860500,32078100,470536000,84062500
2020-01-28,162234000,7543100,13062800,24899900,310976000,63834000
2020-01-29,216229200,5013100,9326000,34754500,258848000,53888900
2020-01-30,126743200,9119500,9048900,51597500,290504000,75491800
2020-01-31,199588400,14788300,12785200,36142700,370420000,113845600
2020-02-03,173788400,9105300,10021100,30107000,255564000,69083000
2020-02-04,136616400,10525600,9157100,36433300,271544000,62573200
2020-02-05,118826800,6160700,10150700,39186300,208220000,65951100
2020-02-06,105425600,4819800,8992300,27751400,218284000,50359700
2020-02-07,117684000,6379300,6379800,33529100,189752000,64139400
2020-02-10,109348800,5793600,5960700,35844300,529608000,42070000
2020-02-11,94323200,5179400,6578600,53159900,638556000,54864500
2020-02-12,113730400,5040600,7958000,47062900,374644000,43992700
2020-02-13,94747600,7082100,7447500,35295800,528016000,54501900
2020-02-14,80113600,5345400,6627600,23149500,1041924000,64582200
2020-02-18,152531200,11524900,8996400,27792200,620164000,57226200
2020-02-19,93984000,9269800,7071200,29997500,694332000,48814700
2020-02-20,100566000,8457300,7422800,36862400,810052000,74163400
2020-02-21,129554000,16344500,9772800,48572600,768180000,113788200
2020-02-24,222195200,27171000,13618400,68311100,856916000,161088400
2020-02-25,230673600,28091500,20797200,68073300,1055496000,218913200
2020-02-26,198054800,17912500,24825600,56206100,747732000,194773800
2020-02-27,320605600,27878500,23005500,93174900,906416000,284353500
2020-02-28,426510000,42699600,45931400,97012700,1133252000,384975800
2020-03-02,341397200,16295400,27355400,71030800,890744000,238703600
2020-03-03,319475600,28687700,32547700,71677000,652792000,300139100
2020-03-04,219178400,12315500,25795900,49814400,597408000,176613400
2020-03-05,187572800,17973500,25025600,47817300,540328000,186366800
2020-03-06,226176800,26973400,38159400,72821100,515412000,228667200
2020-03-09,286744800,24868700,40352000,70419300,614160000,309417300
2020-03-10,285290000,18811500,31102700,65354400,580648000,276444100
2020-03-11,255598800,18159900,38127000,56371600,499964000,255316300
2020-03-12,418474000,32893400,49725200,93226400,816540000,392220700
2020-03-13,370732000,35177200,38543300,92727400,634836000,329566100
2020-03-16,322423600,24496000,38589700,87905900,726972000,297240000
2020-03-17,324056000,24490300,35239800,81059800,833632000,262070500
2020-03-18,300233600,21953400,41525600,81593200,874268000,327597100
2020-03-19,271857200,20828900,32175100,85922700,765512000,289322000
2020-03-20,401693200,20056000,30150800,84866200,804636000,347158800
2020-03-23,336752800,28275200,32536600,78975200,643876000,326025200
2020-03-24,287531200,20743500,34363200,82516700,1101644000,235494500
2020-03-25,303602000,16457200,38111700,75638200,793432000,299430300
2020-03-26,252087200,12778200,29826300,64568100,696108000,257632800
2020-03-27,204216800,9824600,30041500,57042300,638828000,224341200
2020-03-30,167976400,12080900,21656900,63420300,602252000,171369500
2020-03-31,197002000,13319500,23379300,77927200,949960000,194881100
2020-04-01,176218400,11827400,28029600,57969900,656912000,189554600
2020-04-02,165934000,9188300,24018000,49630700,675764000,177660400
2020-04-03,129880000,8469100,21199400,41243300,663212000,135561200
2020-04-06,201820400,14739300,26820800,67111700,727884000,188061200
2020-04-07,202887200,9195400,22563800,62769000,784520000,201427200
2020-04-08,168895200,7600800,22903300,48318200,542444000,153774500
2020-04-09,161834800,18123000,42055900,51385100,525564000,189999200
2020-04-13,131022800,20549200,26911900,41905300,398408000,114839100
2020-04-14,194994800,17095100,46151300,52874300,530948000,134143400
2020-04-15,131154400,12141900,30118600,40940800,366148000,121775000
2020-04-16,157125200,9233200,32449600,50479600,745620000,131798300
2020-04-17,215250000,14652700,30191900,52765600,539120000,146684800
2020-04-20,130015200,10688700,23679400,36669600,449388000,100109300
2020-04-21,180991600,12478100,23035000,56203700,735160000,126385700
2020-04-22,116862400,12902100,16662400,34620200,483356000,92951600
2020-04-23,124814400,14928500,16638800,32790800,424160000,104709700
2020-04-24,126161200,11199300,15809200,34277600,352328000,85063200
2020-04-27,117087600,9033500,22870200,33194400,479388000,77896600
2020-04-28,112004800,10383000,20238900,34392700,442904000,105270000
2020-04-29,137280800,12232300,20462600,51286600,379160000,118745600
2020-04-30,183064000,13633500,19127600,53875900,375916000,122901700
2020-05-01,240616800,10914300,18547700,39370500,342096000,125180000
2020-05-04,133568000,7986200,15725900,30372900,317556000,80873200
2020-05-05,147751200,10563100,18064100,36839200,368896000,79569900
2020-05-06,142333600,13352000,20978000,32139300,323464000,73632600
2020-05-07,115215200,13691700,16771900,28316000,373732000,75250400
2020-05-08,133838400,12240900,20487800,30877800,339216000,76452400
2020-05-11,145946400,11209800,31907600,30892700,469060000,79514200
2020-05-12,162301200,10406000,27962900,32038200,493060000,95870800
2020-05-13,200622400,10950400,35451600,44711500,625852000,144721100
2020-05-14,158929200,17084400,35152500,41873900,602312000,121977900
2020-05-15,166348400,13918800,26099000,46610400,987660000,111146300
2020-05-18,135178400,14133800,30504400,35264500,774460000,119703800
2020-05-19,101729600,8535800,19597300,26799100,717320000,95189300
2020-05-20,111504800,10666100,20552400,31261300,587536000,85861700
2020-05-21,102688800,11791000,14621400,29119500,761068000,78293900
2020-05-22,81803200,8540900,13557900,20826900,1038764000,63958200
2020-05-26,125522000,13972000,41233900,36073600,770780000,88951400
2020-05-27,112945200,13063500,39402000,39517100,1175892000,104817400
2020-05-28,133560800,9758500,24713900,33810200,734896000,90405200
2020-05-29,153532400,12581800,26526400,42130400,745256000,119090800
2020-06-01,80791200,8140200,15176800,22622400,389876000,55758300
2020-06-02,87642800,10388900,21195000,30794600,391320000,74267200
2020-06-03,104491200,17000500,25941100,27311000,365440000,92567600
2020-06-04,87560400,10094000,26784700,28761800,424280000,75794400
2020-06-05,137250400,16021200,42231000,39893600,481748000,150524700
2020-06-08,95654400,9244400,24881800,33211600,387736000,73641200
2020-06-09,147712400,9045600,17031100,29783900,468488000,77479200
2020-06-10,166651600,13009300,24913300,43872300,632180000,95000800
2020-06-11,201662400,11673900,36259200,52854700,583652000,209243600
2020-06-12,200146000,6895400,24856800,43373600,570908000,194678900
2020-06-15,138808800,8532500,22153600,32770200,400004000,135782700
2020-06-16,165428800,7964000,22193600,42556700,535716000,137627500
2020-06-17,114406400,4758200,15639800,25687800,408304000,83398900
2020-06-18,96820400,5397600,16591900,23061600,254408000,80828700
2020-06-19,264476000,12187400,40371200,44441100,524160000,135549600
2020-06-22,135445200,12385600,16216900,32818900,398468000,74649400
2020-06-23,212155600,12137300,15381400,30917400,375108000,68471200
2020-06-24,192623200,10901400,22919800,36740600,449372000,132813500
2020-06-25,137522400,7093800,25743600,27803900,376072000,89468000
2020-06-26,205256800,9753500,41896300,54675800,592084000,127961000
2020-06-29,130646000,6735700,18499700,26701600,342248000,79773300
2020-06-30,140223200,12762300,19137000,34310300,367892000,113394800
2020-07-01,110737200,13214800,18755700,32061200,326648000,72396500
2020-07-02,114041600,8753500,27845600,29315800,364056000,69344200
2020-07-06,118655600,7265700,18625300,31897600,315892000,61713800
2020-07-07,112424400,11633100,25757200,33600700,357800000,82910000
2020-07-08,117092000,11662700,18762200,33600000,365480000,54638600
2020-07-09,125642800,13327400,25600800,33121700,494548000,83354200
2020-07-10,90257200,8218000,28954200,26177600,497676000,57550400
2020-07-13,191649200,11095900,32079200,38135600,457076000,102997500
2020-07-14,170989200,9812700,42731700,37591800,542676000,93657000
2020-07-15,153198000,7533800,22508400,32179400,403984000,87196500
2020-07-16,110577600,10242400,16886900,29940700,344964000,54622500
2020-07-17,92186800,10296000,16137700,31635300,266284000,62774900
2020-07-20,90318000,10095500,14458100,36884800,284852000,56308800
2020-07-21,103433200,12826100,17798100,37990400,277036000,57292200
2020-07-22,89001600,18712500,14271200,49605700,367292000,57792900
2020-07-23,197004400,23006800,12870200,67457000,411660000,75738000
2020-07-24,185438800,15601300,12744200,39827000,473292000,73766600
2020-07-27,121214000,21115600,11959100,30160900,292132000,48293000
2020-07-28,103625600,21164600,11754300,23251400,271636000,57495000
2020-07-29,90329200,25640100,12743500,19632600,284508000,48454200
2020-07-30,158130000,18061200,14834800,25079600,308880000,61861700
2020-07-31,374336800,15876700,14535000,51044000,386080000,84986800
2020-08-03,308151200,12897000,12962800,78983000,412720000,53077900
2020-08-04,173071600,20773200,13366200,49280100,310336000,41917900
2020-08-05,121776800,27078100,15260900,28806400,249924000,42697700
2020-08-06,202428800,20640100,10482100,32656800,244316000,43679400
2020-08-07,198045600,24570200,14743700,27820400,342516000,57308300
2020-08-10,212403600,19047200,14989900,36716500,427796000,44282100
2020-08-11,187902400,45355000,31518600,36446500,354512000,69601100
2020-08-12,165598000,28660500,19240800,28013100,464412000,53774400
2020-08-13,210082000,18596800,13598600,22588900,374460000,41816100
2020-08-14,165565200,11792000,12134400,17958900,366436000,47260400
2020-08-17,119561600,15709800,14988000,20184800,621300000,35481000
2020-08-18,105633600,16291600,13246500,21336200,503448000,38733900
2020-08-19,145538000,24646900,13533000,27627600,622624000,68054200
2020-08-20,126907200,16692200,13672600,26981500,921388000,42207800
2020-08-21,338054800,12713700,12228300,36249300,999868000,55106600
2020-08-24,345937600,11605800,17898300,25460100,490564000,48588700
2020-08-25,211495600,10056100,13648900,23043700,289076000,38463400
2020-08-26,163022400,12715800,12052400,39600800,321244000,50790200
2020-08-27,155552400,16299200,22163900,57602200,317604000,58034100
2020-08-28,187630000,13200800,13756700,26292900,537160000,48588900
2020-08-31,225702700,10251200,14219400,28774200,500840000,66099200
2020-09-01,151948100,10662100,11595600,25725500,511316000,54908700
2020-09-02,200119000,11536900,14475700,34080800,874012000,69540000
2020-09-03,257599600,12148100,23281200,58400300,945128000,148011100
2020-09-04,332607200,11567900,26325500,59664100,1463684000,139156300
2020-09-08,231366600,13229200,22108600,52924300,795728000,114465300
2020-09-09,176940500,8424100,13434000,45679000,736200000,91462300
2020-09-10,182274400,9143600,15922800,35461500,698684000,90569500
2020-09-11,180860300,7662300,13784300,33620100,636928000,84680200
2020-09-14,140150100,9709500,19017400,30375800,1201744000,65605700
2020-09-15,184642000,7993700,23683000,21823900,727556000,52920900
2020-09-16,154679000,12702400,19270600,26328100,556384000,82096000
2020-09-17,178011000,8836200,18290100,34011300,792512000,91523300
2020-09-18,287104900,9959700,20121600,55225300,698460000,105877900
2020-09-21,195713800,17436100,28378800,39839700,721044000,99450800
2020-09-22,183055400,7977900,19257000,33517100,646452000,63612100
2020-09-23,150718700,18134000,19952700,30803800,647012000,93112200
2020-09-24,167743300,11759200,18366500,31202500,731240000,76681300
2020-09-25,149981400,6779200,13293100,29437300,588016000,71069400
2020-09-28,137672400,7109700,20894100,32004900,573808000,64584600
2020-09-29,99382200,8718500,12848200,24221900,621460000,51304000
2020-09-30,142675200,8371800,16400600,33829100,689184000,104081100
2020-10-01,116120400,10402800,15778700,27158400,525004000,88698700
2020-10-02,144712000,7488500,15149600,33154800,552496000,89431100
2020-10-05,106243800,6969600,13871900,21331600,479820000,45713100
2020-10-06,161498200,8632800,19220400,28554300,784420000,90128900
2020-10-07,96849000,6410900,16358500,25681100,418084000,56999600
2020-10-08,83477200,6530800,15659000,19925800,378900000,45242500
2020-10-09,100506900,15979800,13689100,26458000,346892000,59528600
2020-10-12,240226800,4843000,16058000,40461400,434744000,80388500
2020-10-13,262330500,8384300,21697300,28950800,344604000,73255500
2020-10-14,150712000,9076600,15204100,23421700,276100000,57727900
2020-10-15,112559200,6815400,17171200,22733100,267224000,60357700
2020-10-16,115393800,7260700,13275000,26057900,242392000,89501900
2020-10-19,120639300,6084400,11725700,27625800,298068000,68425600
2020-10-20,124423700,7121400,11257100,22753500,229212000,60051900
2020-10-21,89946000,7548100,10730500,22724900,219596000,63575000
2020-10-22,101988000,8377000,14837200,22351500,290480000,55399300
2020-10-23,82572600,5919300,15087600,18879600,233484000,49143900
2020-10-26,111850700,5105100,12410700,37111600,336896000,91473000
2020-10-27,92276800,5826900,10391700,36700300,250520000,65994100
2020-10-28,143937800,11734100,16389500,51195600,376520000,127094300
2020-10-29,146129200,8474500,14208800,31432600,320080000,90597700
2020-10-30,190272600,7303000,15194500,36953700,416820000,120287300
2020-11-02,122866900,6498400,15011600,30842200,299652000,86068300
2020-11-03,107624400,7577200,17482600,27512000,272900000,93294200
2020-11-04,138235500,11117300,18886500,42311800,410228000,126959700
2020-11-05,126387100,16102800,17837400,36080100,319028000,82039700
2020-11-06,114457900,10378300,12552800,25231900,383348000,74973000
2020-11-09,154515300,29800700,47792400,44395000,582976000,172304200
2020-11-10,138023400,11728500,20539300,44045100,644068000,85552000
2020-11-11,112295000,9008500,14443400,29440800,404744000,58649000
2020-11-12,103162300,7167900,22063000,21593900,365812000,67546200
2020-11-13,81581900,6469800,11847900,18621100,346312000,62892200
2020-11-16,91183000,8358500,19858600,24953300,413776000,74541100
2020-11-17,74271000,8229100,14553200,24154100,312028000,66111000
2020-11-18,76322100,7384700,12571200,28372800,510924000,70591300
2020-11-19,74113000,6965100,10202500,24792700,565936000,59940900
2020-11-20,73604300,6379400,12718900,22843100,341088000,70417300
2020-11-23,127959300,15510600,13209200,25683500,361356000,63230600
2020-11-24,113874200,19504000,20121600,33979700,346500000,62415900
2020-11-25,76499200,10286600,11715600,21012900,259916000,45330900
2020-11-27,46691300,10569100,5983600,14512200,167276000,28514100
2020-11-30,169410200,13210000,14411800,33064800,286952000,83872700
2020-12-01,127728200,13533300,12668900,30904500,296948000,74231400
2020-12-02,89004200,9199700,10811300,23724500,283360000,45927000
2020-12-03,78967600,10457300,12904400,25120900,199520000,62882000
2020-12-04,78260400,10098600,13583700,24666000,202244000,50749900
2020-12-07,86712000,10555100,9724300,24620000,223244000,48944300
2020-12-08,82225500,6348400,9592100,23284100,271920000,42458900
2020-12-09,115089200,10743200,13073900,32440600,401300000,74098300
2020-12-10,81312200,6564000,13668400,26733300,207764000,57735400
2020-12-11,86939800,6084800,9981600,30979400,209264000,57698600
2020-12-14,79184500,7644400,12112400,28798400,270156000,69216200
2020-12-15,157243700,6840500,12590200,27000600,193016000,63865300
2020-12-16,98208600,8174700,11169400,35023300,223116000,58420500
2020-12-17,94359800,9475800,11618000,32515800,231384000,64119500
2020-12-18,192541500,6789900,28954800,63354900,342064000,136542300
2020-12-21,121251600,8168900,28323600,37181900,302332000,96386700
2020-12-22,168904800,9442400,11788200,22612200,185580000,47949000
2020-12-23,88223700,6542800,14973200,18699600,179144000,46201400
2020-12-24,54930100,3695400,4164900,10550600,97884000,26457900
2020-12-28,124486200,7778700,8072600,17933500,212564000,39000400
2020-12-29,121047300,5983700,8389200,17403200,170372000,53680500
2020-12-30,96452100,5914000,7398000,20272300,225396000,49455300
2020-12-31,99116600,7540800,8580200,20942100,192424000,78520700
2021-01-04,143301900,14331400,16819900,37130100,560640000,110210800
2021-01-05,97664900,12718800,13731200,23823000,322760000,66426200
2021-01-06,155088000,18453500,24909100,35930700,580424000,107997700
2021-01-07,109578200,7110200,21940400,27694500,461480000,68766800
2021-01-08,105158200,24399900,12035100,22956200,292528000,71677200
2021-01-11,100384500,8571400,15937900,23031300,518344000,51034700
2021-01-12,91951100,9798500,18033500,23249300,291476000,52547700
2021-01-13,88636800,14110300,14816800,20087100,210028000,45303600
2021-01-14,90221800,13522700,18565600,29480800,283120000,49989100
2021-01-15,111598500,16172500,27881000,31746500,277780000,107160000
2021-01-19,90757300,7485700,19843800,30480900,226188000,51233300
2021-01-20,104319500,9456000,16028800,37777300,258572000,61836100
2021-01-21,120150900,7246800,13411700,30709400,337780000,47840100
2021-01-22,114459400,7269600,12933200,30172700,246820000,52860500
2021-01-25,157611700,5936800,14212800,33152100,251112000,70402000
2021-01-26,98390600,4685600,11307800,49169600,163980000,42665300
2021-01-27,140843800,9036500,17603900,69870600,371272000,123351100
2021-01-28,142621100,9392400,13761800,49111200,228316000,94198100
2021-01-29,177523800,11252800,14808100,42503100,271552000,126765100
2021-02-01,106239800,9105500,11080700,33314200,217204000,75817600
2021-02-02,83305400,7221700,12253600,25916300,220440000,64450700
2021-02-03,89880900,4658100,10600800,27158100,245408000,52427100
2021-02-04,84183100,13736600,12419500,25296100,201340000,47142600
2021-02-05,75693800,6538500,10051300,18054800,169152000,48669800
2021-02-08,71297200,6887500,10136400,22211900,434624000,38365200
2021-02-09,76774200,5131800,8614800,23565000,287560000,35551100
2021-02-10,73046600,6112800,10323200,22186700,485352000,59154400
2021-02-11,64280000,5994500,9201000,15751100,450828000,42913300
2021-02-12,60145100,6018900,8324600,16561100,374756000,50593300
2021-02-16,80576300,14761100,12130600,26728500,321960000,50972400
2021-02-17,97918500,11400700,10810100,21653500,274756000,52290600
2021-02-18,96856700,7498200,10587800,16925600,233868000,59712800
2021-02-19,87668800,8273500,11969800,25262600,271724000,83241000
2021-02-22,103916400,10072000,11488400,36446900,325884000,67414200
2021-02-23,158273000,8616800,16234400,30228700,391780000,107284100
2021-02-24,111039900,8890600,15061400,26339700,448320000,72433900
2021-02-25,148199500,16359400,18127700,39542200,824436000,146670500
2021-02-26,164560400,23730400,19829200,37819200,500932000,152701600
2021-03-01,116307900,13828300,14845500,25324000,353184000,105348800
2021-03-02,102260900,11424600,14221700,22812500,264116000,79595300
2021-03-03,112966300,13059900,14324100,34029500,377592000,119940200
2021-03-04,178155000,13870100,20093900,44727800,573344000,183433000
2021-03-05,153766600,12821600,18465100,41872800,542840000,152039600
2021-03-08,154376600,12134900,17133300,35267400,543112000,123149200
2021-03-09,129525800,10382600,16238800,33080500,521824000,113633600
2021-03-10,111943300,7962000,14342200,29746800,384376000,109899400
2021-03-11,103026500,6749200,11771500,29907600,299916000,86245000
2021-03-12,88105100,8608500,12849500,22653700,243964000,64653600
2021-03-15,92403800,8104500,12101100,26034900,221988000,73427200
2021-03-16,115227900,7547400,12805600,28092200,272128000,73722500
2021-03-17,111932600,12626700,13952400,29562100,243864000,97959300
2021-03-18,121229700,8711100,21898500,34833000,293896000,115349100
2021-03-19,185549500,6868900,54418800,46430700,299208000,113624500
2021-03-22,111912300,5240000,19944800,30127000,297804000,73778600
2021-03-23,95467100,6048300,17076300,31638400,222048000,90686600
2021-03-24,88530500,6183700,13079800,25620100,245840000,97588600
2021-03-25,98844700,8398600,15608300,34061900,295144000,116128600
2021-03-26,94071200,6153900,16754400,25479900,363968000,114409100
2021-03-29,80819200,8409300,17570300,25227500,273520000,108107600
2021-03-30,85671900,8353200,13184300,24792000,200204000,76262200
2021-03-31,118323800,10623800,16736700,43623500,314776000,112734200
2021-04-01,75089100,7105200,16561500,30338000,308276000,99682900
2021-04-05,88651200,6163800,13508000,36910600,255672000,91684800
2021-04-06,80171300,6761200,13071600,22931900,191744000,62021000
2021-04-07,83466700,5436000,16903500,22719800,251284000,55836300
2021-04-08,88844600,6574500,12335500,23625200,244416000,57863100
2021-04-09,106686700,6657900,12122400,24326800,195172000,61104600
2021-04-12,91420000,4896700,12273400,27148700,869324000,56704900
2021-04-13,91266500,6995900,16113600,23837500,676212000,56551000
2021-04-14,87222800,6312300,19939600,23070900,385500000,61659900
2021-04-15,89347100,8250600,17694100,25627500,598480000,60229800
2021-04-16,84922400,10057600,13773400,24878600,335208000,82037300
2021-04-19,94264200,5721700,11900200,23209300,404420000,78498500
2021-04-20,94812300,6532000,13716700,19722900,334132000,81851800
2021-04-21,68847100,8380200,12236700,24030400,216776000,66793000
2021-04-22,84566500,7680100,15256100,25606200,277788000,97582800
2021-04-23,78657500,7106400,14041900,21462600,227500000,73209200
2021-04-26,66905100,4786600,10799100,19763300,197796000,52182400
2021-04-27,66015800,5363500,12821200,31014200,164572000,51303100
2021-04-28,107760100,6932200,8943700,46903100,209416000,51238900
2021-04-29,151101000,9067600,12976900,40589000,173196000,78544300
2021-04-30,109839500,6248700,11705100,30945100,201912000,85527000
2021-05-03,75135100,9014700,11801100,19626600,203912000,68128300
2021-05-04,137564700,10267400,12977700,32756100,405324000,101591200
2021-05-05,84000900,5950000,10506700,21901300,292024000,60162200
2021-05-06,78128300,13574100,13542400,26491100,193380000,74321400
2021-05-07,78973300,14748600,14257800,27032900,229328000,67733800
2021-05-10,88071200,8276600,14014300,29299900,268904000,81852400
2021-05-11,126142800,8348200,15451700,33641600,285584000,116888000
2021-05-12,112172300,12666300,14381700,36684400,303408000,134811000
2021-05-13,105861300,8078300,15395000,29624300,285404000,106394000
2021-05-14,81918000,9686800,10584000,23901100,258616000,82201600
2021-05-17,74244600,11956800,9886800,24970200,216980000,65129200
2021-05-18,63342900,7294000,11098100,20168000,186256000,59810200
2021-05-19,92612000,20741100,13278900,25739800,344000000,106467100
2021-05-20,76857100,9802800,10426000,21800700,321592000,78022200
2021-05-21,79295400,7677200,10249000,21863100,672992000,76578700
2021-05-24,63092900,5557300,9440300,21411500,554816000,51376700
2021-05-25,72009500,8986900,12609100,17704300,435408000,57451400
2021-05-26,56575900,8495400,13058300,17771600,370440000,43088600
2021-05-27,94625600,7993000,15707500,24426200,581476000,56707700
2021-05-28,71311100,9967000,10291300,18270200,644536000,58520200
2021-06-01,67637100,9143300,9445400,23213300,472804000,54216600
2021-06-02,59278900,6613100,10498600,19406700,594168000,49097100
2021-06-03,76229200,10153900,13354400,25307700,580008000,58138800
2021-06-04,75169300,8375300,8510800,25281100,617120000,55938800
2021-06-07,71057600,7709100,7267200,23079200,575756000,51555000
2021-06-08,74403800,5905800,10370700,22455000,323848000,47134300
2021-06-09,56877900,6346100,12377400,17937600,381656000,48436300
2021-06-10,71186400,9896600,12119400,24563600,287772000,51020100
2021-06-11,53522400,7836900,13683800,18999700,416308000,45570800
2021-06-14,96906500,7733600,19917900,19150500,321376000,42358500
2021-06-15,62746300,7550200,24485500,18038900,243032000,51508500
2021-06-16,91815000,16919700,25321200,27220000,307124000,80386100
2021-06-17,96721700,27232200,29722400,27565500,809656000,90949700
2021-06-18,108953300,15744300,43595700,37202200,968856000,118676300
2021-06-21,79663300,8371000,18664800,26696100,672384000,72822000
2021-06-22,74783600,7223900,14251200,24694100,580144000,57700300
2021-06-23,60214200,8474300,12733300,19518700,332356000,49445400
2021-06-24,68711000,6903400,13733200,21446900,320924000,45110300
2021-06-25,70783700,7473700,15484900,25611100,278364000,58129500
2021-06-28,62111300,6508900,14125800,19590000,495436000,53159600
2021-06-29,64556100,7451400,14528700,19937800,367632000,35970500
2021-06-30,63261400,7955800,12531000,21656500,326568000,64827900
2021-07-01,52485800,7430500,10479400,16725300,480136000,53441000
2021-07-02,78852600,7873600,11424000,26458000,342764000,57697700
2021-07-06,108181800,7932100,15083400,31565600,446708000,68710400
2021-07-07,104911600,7108900,12271800,23260000,418428000,63549500
2021-07-08,105575500,7244300,17834600,24618600,503300000,97595200
2021-07-09,99890800,4997400,13694500,23916700,296624000,76238600
2021-07-12,76299700,7315400,19940400,18931700,321984000,52889600
2021-07-13,100827100,7040300,22671700,26120100,290708000,52911300
2021-07-14,127050800,8830300,14622800,23113700,380100000,64130400
2021-07-15,106820300,6520100,11539300,22604200,550564000,55126400
2021-07-16,93251400,9460300,14002700,26186800,688224000,75874700
2021-07-19,121434600,6707400,22172900,32935600,749060000,147987000
2021-07-20,96350000,6540100,15385200,26259700,434687000,99608200
2021-07-21,74993500,4622600,12356700,24364300,371017000,64724400
2021-07-22,77338200,4793600,9913300,23384100,323826000,47878500
2021-07-23,71447400,5831500,9666100,22768100,195672000,63766600
2021-07-26,72434100,5229800,8208000,23176100,203943000,43719200
2021-07-27,104818600,6300200,11218700,33604100,248863000,67397100
2021-07-28,118931200,7905800,9217300,33566900,202191000,52472400
2021-07-29,56699500,8119600,9063500,18168300,190781000,47435300
2021-07-30,70440600,7391700,9805200,20944800,183497000,68951200
2021-08-02,62880000,10783200,10203200,16267400,217444000,58783300
2021-08-03,64786600,5402300,10394800,17879000,301811000,58053900
2021-08-04,56368300,9796300,10155000,16191300,231309000,46732200
2021-08-05,46397700,8015000,9151500,13900200,211435000,38969700
2021-08-06,54126800,13547600,13328800,16589300,178497000,46930000
2021-08-09,48908700,11547000,9516900,16117600,146443000,41222600
2021-08-10,69023100,6870800,8667000,18616600,179238000,43339300
2021-08-11,48493500,7382400,9156500,13955900,185925000,44034300
2021-08-12,72282600,5211700,8844200,14561300,151652000,38909400
2021-08-13,59375000,7466900,8980900,18249000,183063000,39470300
2021-08-16,103296000,7776500,8755800,22507600,210876000,73740000
2021-08-17,92229700,7107000,9347200,20075300,204585000,92673900
2021-08-18,86326000,7697900,8065500,21813000,285913000,89351900
2021-08-19,86960300,6934300,9517700,29850500,766555000,92812200
2021-08-20,60549600,7154000,6974100,40817600,675741000,72008700
2021-08-23,60131800,8190500,7934600,22830200,575807000,54973000
2021-08-24,48606400,4519200,7670900,18175800,297299000,38744700
2021-08-25,58991300,5588800,11335000,20006100,347701000,40529700
2021-08-26,48597200,4371900,11027500,17666100,237940000,57829600
2021-08-27,55802400,10036400,8780200,22605700,304722000,77235100
2021-08-30,90956700,3768600,7937600,16348100,262580000,48357400
2021-08-31,86453100,6336000,12340800,26285300,259850000,59300200
2021-09-01,80313700,4764900,8729900,18983800,201767000,48721400
2021-09-02,71115500,4599800,8813300,16285600,187834000,42501000
2021-09-03,57808700,8353300,7959700,14747900,280532000,47170500
2021-09-07,82278300,10004600,9285600,17180400,198107000,51671500
2021-09-08,74420200,6576000,7852700,15046800,254434000,56181900
2021-09-09,57305700,6641400,7904300,19927000,196856000,57970400
2021-09-10,140893200,7426300,8311600,19633400,248376000,89948200
2021-09-13,102404300,5474300,10052800,23652900,297500000,83738600
2021-09-14,109296300,7922900,11685600,21853400,199755000,78197100
2021-09-15,83281300,5624900,11691500,28356300,166538000,78792200
2021-09-16,68034100,11780400,10880900,19550800,156033000,77786700
2021-09-17,129868800,8369700,25581600,41372500,294503000,118425000
2021-09-20,123478900,7566600,15819900,38278700,349440000,166445500
2021-09-21,75834000,7181500,8999900,22364100,204688000,92526100
2021-09-22,76404300,9777800,11236200,26626300,268726000,102350100
2021-09-23,64838200,8451900,12336100,18604600,248555000,76396000
2021-09-24,53477900,6937500,10102400,14999000,217655000,62094800
2021-09-27,74150700,4943000,13220900,23571700,245215000,61371100
2021-09-28,108972300,9282800,13387900,43186200,343069000,130436300
2021-09-29,74602000,8360700,7777100,26353700,218394000,82329200
2021-09-30,89056700,10572900,13161200,32343600,221009000,140506000
2021-10-01,94639600,6654700,11285000,30086300,240978000,129240100
2021-10-04,98322000,7651700,14120000,31350700,345635000,128570000
2021-10-05,80861100,5617300,12292900,24993000,279282000,90682500
2021-10-06,83221100,6067200,8692600,28002600,297202000,113032200
2021-10-07,61732700,4791500,10195400,20430500,256919000,72437500
2021-10-08,58773200,8536100,8190100,17685700,151258000,74557400
2021-10-11,64452200,3820100,12154700,19298600,163388000,65233300
2021-10-12,73035900,5453000,13032600,17974100,162134000,71181200
2021-10-13,78762700,11113800,22753500,23416300,180652000,72974000
2021-10-14,69907100,5081400,15176800,27262900,243589000,70236800
2021-10-15,67940300,8699200,14267400,25384800,226994000,66260200
2021-10-18,85589200,4029600,12672900,22729300,189494000,62213200
2021-10-19,76378900,6588500,8053900,17682100,161473000,46996800
2021-10-20,58418800,5022000,8185600,16537100,146276000,49571600
2021-10-21,61421000,4412400,8415200,16918100,187590000,41305400
2021-10-22,58883400,10703900,8817900,17449300,249384000,58845100
2021-10-25,50720600,4881300,10159200,17554500,230235000,45214500
2021-10-26,60893400,6658900,8015100,28107300,485898000,56075100
2021-10-27,56094900,5823100,9847000,52588700,245990000,72438000
2021-10-28,100077900,7000700,7212900,26297900,234204000,51437900
2021-10-29,124953200,7531900,8140100,34766000,292503000,70162400
2021-11-01,74588300,4975600,7435500,27073200,265740000,48433600
2021-11-02,69122000,3760700,7173800,26487100,294112000,48908400
2021-11-03,54511500,9055200,8402700,21500100,239910000,52509800
2021-11-04,60394600,6656100,9574200,23992200,1153631000,52847100
2021-11-05,65463900,9368900,7975600,22570100,851260000,66390600
2021-11-08,55020900,4966100,6413700,20897000,503101000,50405200
2021-11-09,56787900,5781200,7990300,21307400,646746000,51149100
2021-11-10,65187100,11461800,6999200,25500900,636206000,69429700
2021-11-11,41000000,5959600,5815300,16849800,332172000,34848500
2021-11-12,63804000,7894800,8113400,23831000,413054000,53466700
2021-11-15,59222800,5630800,6492500,16723000,384909000,46980500
2021-11-16,59256200,8667300,9706100,20886800,264484000,48857500
2021-11-17,88807000,6523100,9909600,19053400,428508000,47858300
2021-11-18,137827700,6252000,8122500,22463500,781711000,50625600
2021-11-19,117305600,8785600,12193600,21963400,533867000,57315600
2021-11-22,117467900,13091900,14549900,31031100,754335000,72762000
2021-11-23,96041900,8047800,12354400,30427600,532163000,73206500
2021-11-24,69463600,5359500,9629800,21661300,435162000,61858800
2021-11-26,76959800,9605200,13619300,24217200,283069000,112669600
2021-11-29,88748200,7394900,12104400,28563500,454964000,86268800
2021-11-30,174048100,12925300,18922600,42885600,622066000,148559600
2021-12-01,152052500,7808600,12253400,33337600,484368000,131939200
2021-12-02,136739200,9604100,12969900,30766000,472890000,127637800
2021-12-03,118023100,9507900,12681800,41779300,544325000,137331600
2021-12-06,107497000,4813600,11186500,30032600,658938000,98977500
2021-12-07,120405400,4900700,9851600,31021900,593053000,95484700
2021-12-08,116998900,4288900,11705700,24761000,475551000,72238800
2021-12-09,108923700,4913800,11189600,22214200,488507000,61272600
2021-12-10,115402700,6450600,10405400,38095700,488825000,77159800
2021-12-13,153237000,6610700,12069000,28899400,598344000,87724700
2021-12-14,139380400,8637900,12563600,44438700,667035000,97264100
2021-12-15,131063300,14231200,14014200,35381100,698297000,116899300
2021-12-16,150185800,11186200,19542800,35034800,707366000,116568600
2021-12-17,195432700,9856900,28082000,47750300,713758000,135511600
2021-12-20,107499100,6973000,15148000,28326500,461847000,107134800
2021-12-21,91185900,4548500,11291300,24740600,524385000,69806300
2021-12-22,92135300,4672900,7273000,24831500,395184000,58890200
2021-12-23,68356600,4551100,8055200,19617800,343022000,56439700
2021-12-27,74919600,4760300,6188100,19947000,403686000,56808600
2021-12-28,79144300,4541900,6342300,15661500,420591000,47274600
2021-12-29,62348900,5889700,6398900,15042000,343139000,54503000
2021-12-30,59773000,5426300,6948200,15994500,308864000,55329000
2021-12-31,64062300,7039300,5805900,18000800,266530000,65237400
2022-01-03,104487900,9014400,13120900,28865100,391547000,72668200
2022-01-04,99310400,6965600,20195800,32674300,527154000,71178700
2022-01-05,94537600,8715600,17539400,40054300,498064000,104538900
2022-01-06,96904000,10902700,14047500,39646100,454186000,86858900
2022-01-07,86709100,8191900,13913300,32720000,409939000,85111600
2022-01-10,106765600,7026500,12922500,44289500,594681000,119362000
2022-01-11,76138300,8369000,11854100,29386800,404089000,74303100
2022-01-12,74805200,6280700,12568000,34372200,383413000,67605400
2022-01-13,84505800,7034200,13623400,45366000,540171000,91173100
2022-01-14,80440800,7865900,40158400,39846400,395832000,95890900
2022-01-18,90956700,9322800,32324800,42333200,424270000,109709100
2022-01-19,94815000,15784500,22380000,45933900,488315000,109357600
2022-01-20,91420500,9570500,14860800,35380700,435181000,122379700
2022-01-21,122848900,10982500,20705400,57984400,718958000,202271200
2022-01-24,162294600,15727700,28471400,85731500,913982000,251783900
2022-01-25,115798400,17382100,18915900,72848600,664616000,167997300
2022-01-26,108275300,17799400,20709100,90428900,755959000,186391100
2022-01-27,121954600,15867300,17536800,53481300,573353000,149878300
2022-01-28,179935700,9782500,14117000,49743700,543774000,164457400
2022-01-31,115541600,8539300,13985700,46444500,564680000,152251400
2022-02-01,86213900,9763900,14584900,40950400,518925000,123155400
2022-02-02,84914300,9085300,12441100,36636000,543419000,117361000
2022-02-03,89418100,10650800,12474900,43730000,410178000,118024400
2022-02-04,82465400,9619600,16654400,35096500,354829000,118454400
2022-02-07,77251200,7796900,12572300,28533300,376868000,84472900
2022-02-08,74829200,5802000,20411400,32421200,410359000,81012000
2022-02-09,71285000,8002800,9131100,31284700,524282000,92589900
2022-02-10,90865900,10693500,16455600,45386200,513200000,140103700
2022-02-11,98670700,25741500,16830000,39175600,605472000,153214600
2022-02-14,86185500,13650700,17026500,36359500,440424000,123006300
2022-02-15,62527400,12603600,9500000,27058300,699869000,88482700
2022-02-16,61177400,12772100,9076500,29982100,732676000,84863600
2022-02-17,69589300,18612500,11367500,32461600,810595000,102259100
2022-02-18,82772700,12760700,11733300,34264000,761255000,132642900
2022-02-22,91162800,14960500,11333500,41736100,633422000,124391800
2022-02-23,90009200,11772200,11799000,37811200,566511000,132578000
2022-02-24,141147500,32726000,25655100,56989700,735801000,213942900
2022-02-25,91974200,11530900,18367700,32546700,528866000,121804500
2022-02-28,95056600,16055800,31315300,34627500,477319000,145615000
2022-03-01,83474400,21942100,36840400,31217800,412056000,137785900
2022-03-02,79724800,19727200,19405600,31873000,389642000,117726500
2022-03-03,76678400,15164400,16640800,27314500,365095000,105501700
2022-03-04,83737200,22390100,21016000,32356500,431415000,113978200
2022-03-07,96418800,27951800,27560100,43157200,450821000,137896600
2022-03-08,131148300,47347700,19207800,48159500,557467000,164772700
2022-03-09,91454900,26839700,17536200,35204500,492742000,116990800
2022-03-10,105342000,18455200,15604200,30628000,428066000,93972700
2022-03-11,96970100,14824700,20061800,27209300,367209000,95636300
2022-03-14,108732100,13186400,15786900,30660700,385354000,95729200
2022-03-15,92964300,16962300,15096600,34245100,491996000,106219100
2022-03-16,102300200,17548100,20354900,37826300,671422000,144954800
2022-03-17,75615400,10954100,17050500,30816600,471941000,102676900
2022-03-18,123511700,13996500,23656500,43390600,730719000,106345500
2022-03-21,95811400,10582200,12676100,28351200,591727000,88349800
2022-03-22,81532000,9621800,13548600,27599700,547007000,74650400
2022-03-23,98062700,12557300,12093200,25715400,502120000,79426100
2022-03-24,90131400,10970100,10017600,24484500,877379000,64736900
2022-03-25,80546200,7911100,8383500,22566500,579016000,77101300
2022-03-28,90371900,9489700,10818100,29578200,425494000,68529800
2022-03-29,100589400,10458900,11316500,30393400,488984000,86581500
2022-03-30,92633200,8361300,8771000,28163600,463487000,79666900
2022-03-31,103049300,9844400,17353900,33422100,523440000,121699900
2022-04-01,78751300,13034400,15721300,27110500,517235000,89048800
2022-04-04,76468400,7063100,17416400,24289600,397120000,59601000
2022-04-05,73401800,10828500,12110300,23156700,436615000,74214500
2022-04-06,89058800,8942100,12914700,40110400,703833000,106898000
2022-04-07,77594700,10140600,12994200,31411200,557992000,78097200
2022-04-08,76575500,10655700,13126900,24361900,524781000,79272700
2022-04-11,72246700,10071300,10466400,34569300,575207000,89770500
2022-04-12,79265200,12024600,12989900,30966700,662258000,84363600
2022-04-13,70618900,8651600,30838000,21907200,516943000,74070400
2022-04-14,75329400,11567200,18835200,28221600,569097000,97869500
2022-04-18,69023900,8886700,11834400,20778000,525701000,66002500
2022-04-19,67723800,12585600,15015400,22297700,512781000,77821000
2022-04-20,67929800,7038600,13430200,22906700,468974000,65224400
2022-04-21,87227800,9639800,12174200,29454600,656209000,85417300
2022-04-22,84882400,9147000,14318800,29405800,624713000,132471800
2022-04-25,96046400,13073700,17149000,35678900,641566000,119647700
2022-04-26,95623200,9042400,17209500,46518400,653143000,103996300
2022-04-27,88063200,8854700,17215200,63477700,499460000,122030000
2022-04-28,130216800,6381100,13015600,33646600,570327000,105449100
2022-04-29,131747600,7719700,14874800,37073900,500435000,145491100
2022-05-02,123055300,14318600,18545000,35151100,572049000,158312500
2022-05-03,88966500,7214300,15720900,25978600,475751000,100028200
2022-05-04,108256500,10491700,17128500,33599300,648855000,144247900
2022-05-05,130525300,12794200,15055400,43260400,626331000,172929100
2022-05-06,116124600,7643300,14417900,37780300,633297000,151770800
2022-05-09,131577900,10742400,14312300,47726000,644455000,155586100
2022-05-10,115366700,11010400,16382400,39336400,761474000,132497200
2022-05-11,142689800,9179600,14630300,48975900,670167000,142361000
2022-05-12,182602000,11626800,16318800,51033800,708728000,125090800
2022-05-13,113990900,13031100,10443200,34925100,670437000,104174400
2022-05-16,86643800,7319300,10269000,32550900,521446000,78622400
2022-05-17,78336300,6441100,11160200,28828800,585830000,83029700
2022-05-18,109742900,7472900,12664900,31356000,545161000,117674500
2022-05-19,136095600,10580300,12765800,32692300,621310000,98510700
2022-05-20,137426100,6578100,13150100,39199300,739105000,131432200
2022-05-23,117726300,5518500,24376700,33175400,639889000,76414900
2022-05-24,104132700,6794000,19324900,29043900,588550000,91448800
2022-05-25,92482700,4595900,12780400,28547900,781132000,91472900
2022-05-26,90601500,6467000,15990900,25002100,996575000,82168300
2022-05-27,90978500,3847900,11177800,26910800,738379000,84768700
2022-05-31,103718400,6244000,17015000,37827700,664100000,95937000
2022-06-01,74286600,6946500,10768000,25292200,544514000,86585800
2022-06-02,72348100,5623100,8374800,44008200,648656000,79609600
2022-06-03,88570300,5519400,8596000,28059000,598779000,71874300
2022-06-06,71598400,3766000,11323500,22400300,422406000,57508900
2022-06-07,67808200,3860000,6722200,22860700,388914000,59272400
2022-06-08,53950200,5140800,8422100,17372300,363252000,64350000
2022-06-09,69473000,4701100,13560100,26439700,395574000,86289800
2022-06-10,91437900,16856100,12945200,31422800,465248000,132893900
2022-06-13,122207100,13265200,16805600,46135800,604153000,170004900
2022-06-14,84784300,7347900,13357900,28651500,469680000,104011800
2022-06-15,91533000,9000300,14083500,33111700,563936000,125666800
2022-06-16,108123900,8823600,16724900,33169200,545749000,134473300
2022-06-17,134520300,7407200,30919900,43084800,630334000,111113900
2022-06-21,81000500,5608500,11680500,29928300,483089000,76811900
2022-06-22,73409200,6558700,9842700,25939900,437135000,90059400
2022-06-23,72433800,6535300,11851500,25861400,463680000,79292100
2022-06-24,89116800,6143100,14841100,33923200,472153000,98050300
2022-06-27,70207900,5719700,11280500,24615100,427968000,66009600
2022-06-28,67083400,2982700,11590900,27295500,461149000,86548900
2022-06-29,66242400,4785600,9338400,20069800,482352000,65676000
2022-06-30,98964500,9144400,15172600,31730900,686070000,112508300
2022-07-01,71051600,11380300,10573600,22837700,577610000,74839700
2022-07-05,73353800,14035400,12514200,22941000,651397000,81438000
2022-07-06,74064300,11861100,10656200,23824400,529066000,70426200
2022-07-07,66253700,4588400,10347400,20859900,492903000,64525900
2022-07-08,64547800,4584100,8807800,19658800,467972000,72397800
2022-07-11,63141600,4321700,7939500,19455200,437321000,58366900
2022-07-12,77588800,5375100,11250900,35868500,458483000,62219200
2022-07-13,71185600,8456600,12979900,29497400,521918000,84224600
2022-07-14,78140700,12213600,26204800,25102800,456235000,89704800
2022-07-15,76259900,6783800,18863900,29774100,385935000,79060400
2022-07-18,81420900,5791800,13977900,20975000,670517000,63203600
2022-07-19,82982400,3796200,11862300,25012600,702366000,78506000
2022-07-20,64823400,4795800,11667500,22788300,760538000,71843800
2022-07-21,65086600,5863300,11595900,22404700,557049000,64903900
2022-07-22,66675400,5733800,7645500,21881300,536671000,72197300
2022-07-25,53623900,3713400,9394000,21056000,480748000,53631500
2022-07-26,55138700,2672800,10675100,39348000,397865000,52946400
2022-07-27,78620700,5766100,9337400,45994000,569776000,82342100
2022-07-28,81378700,5606400,10384800,33459300,474646000,73966600
2022-07-29,101786900,7537300,12944500,32152800,435460000,87003700
2022-08-01,67829400,4666900,14740400,21539600,476469000,69997500
2022-08-02,59907000,5725400,14942900,22754200,489527000,63435400
2022-08-03,82507500,4417800,14394500,23518900,418146000,67820600
2022-08-04,55474100,5502000,18033900,18098700,409652000,45656600
2022-08-05,56697000,6023300,14174600,16774600,386068000,56814900
2022-08-08,60276900,3456300,10332500,18739200,981859000,53886100
2022-08-09,63135500,3205500,10233800,23405200,668263000,44931800
2022-08-10,70170500,4077300,12847300,24687800,597422000,68665700
2022-08-11,57149200,4446000,11684900,20065900,509327000,59489700
2022-08-12,68039400,5151700,9906700,22619700,478094000,61694500
2022-08-15,54091700,5236100,8456200,18085700,457666000,54048300
2022-08-16,56377100,4291500,9555000,18102900,451240000,59289000
2022-08-17,79542000,5569100,8149300,18253400,446799000,63563400
2022-08-18,62290100,3646100,9531800,17186200,415447000,49023200
2022-08-19,70346300,8173000,13464500,20570000,441588000,68016900
2022-08-22,69026800,4458100,8967600,25061100,409593000,77695600
2022-08-23,54147100,4425100,7607000,17527400,369986000,49105200
2022-08-24,53841500,3202400,9771300,18137000,522661000,49177800
2022-08-25,51218200,2857500,10758900,16583400,770691000,50942300
2022-08-26,78961000,6689300,11276200,27549300,769127000,103087000
2022-08-29,73314000,4702300,8117300,20338500,496132000,65370800
2022-08-30,77906200,4856600,10745400,22767100,530181000,85652400
2022-08-31,87991100,5438600,10738300,24791800,573710000,76029700
2022-09-01,74229900,7390800,9979800,23263400,1178865000,78740100
2022-09-02,76957800,5196900,10666600,22855400,743157000,99632100
2022-09-06,73714800,4863800,9751900,21328200,535751000,76637400
2022-09-07,87449600,3981400,10647900,24126700,512657000,70964200
2022-09-08,84923800,4607100,11435000,20319900,624873000,80821700
2022-09-09,68028800,3927800,9299700,22084700,486612000,76706900
2022-09-12,104956000,4537500,8614600,18747700,484159000,69256300
2022-09-13,122656600,6526400,12904600,33353300,714956000,122947100
2022-09-14,87965400,6091100,9345700,23913000,588507000,85023700
2022-09-15,90481100,13181200,10821400,31530900,523625000,87633800
2022-09-16,162278800,7141200,14844100,39791800,670751000,103084800
2022-09-19,81474200,5582800,8201300,26826900,569685000,73278500
2022-09-20,107689800,5943700,9619000,26660300,524818000,77274900
2022-09-21,101696800,7816100,12606300,28625600,807679000,106746600
2022-09-22,86652500,5975200,11684500,31061200,759162000,89472600
2022-09-23,96029900,9598000,18138600,34176000,663309000,122346900
2022-09-26,93339400,8240500,15753600,27694200,547343000,92581200
2022-09-27,84442700,7151300,12793600,27018700,553854000,108294100
2022-09-28,146691400,8977200,12762600,29029700,542414000,110802200
2022-09-29,128138200,6317000,12713900,27484200,532763000,112952300
2022-09-30,124925300,6832400,15973400,35694800,565638000,153711200
2022-10-03,114311700,10362200,12248100,28880400,547478000,89756500
2022-10-04,87830100,8024500,16013600,34888400,584182000,103602800
2022-10-05,79471000,5296300,10943500,20347100,507131000,88065700
2022-10-06,68402200,5712600,11521400,20239900,644157000,82333500
2022-10-07,85925600,5030000,11681100,37769600,672478000,107789500
2022-10-10,74899000,6110800,8931700,29743600,698699000,76042800
2022-10-11,77033700,5306700,12739700,30474000,667482000,92482800
2022-10-12,70433700,3998500,13181000,21903900,492590000,76991800
2022-10-13,113224000,7083800,22398700,42551800,850103000,147254500
2022-10-14,88598000,5471900,33387100,30198600,713432000,123737000
2022-10-17,85250900,4348000,22276300,28142300,580774000,93168200
2022-10-18,99136600,4528400,21539700,26329600,659362000,97162900
2022-10-19,61758300,8257100,17072000,19985700,523131000,79746900
2022-10-20,64522000,5019800,12207400,21811000,652398000,88283100
2022-10-21,86548600,6898400,20593300,26299700,609494000,131038400
2022-10-24,75981900,4673300,12624200,24911200,517457000,85436900
2022-10-25,74732300,3434100,11289100,34775500,505482000,78846300
2022-10-26,88194300,4448200,11667000,82543200,532953000,104087300
2022-10-27,109180200,3654900,10727600,40424600,583113000,81971800
2022-10-28,164762400,4645400,11859500,40647700,521040000,100302000
2022-10-31,97943200,6097800,13295200,28357300,486341000,96631300
2022-11-01,80379300,4603600,13386900,30592300,432817000,85407600
2022-11-02,93604600,7210900,16546100,38407000,672628000,126990400
2022-11-03,97918500,5378800,12474400,36633900,500065000,87100100
2022-11-04,140814800,7692000,14953200,36789100,612576000,103505200
2022-11-07,83374600,4425700,12011200,33498000,410061000,68286900
2022-11-08,89908500,11299600,9884100,28192500,595292000,84641100
2022-11-09,74917800,6040600,9494000,27852900,454414000,78495500
2022-11-10,118854000,9939900,16351600,46268000,700819000,141455800
2022-11-11,93979700,4622400,10704700,34620200,655487000,93839900
2022-11-14,73374100,6187600,11085600,31123300,527852000,71903500
2022-11-15,89868300,9903500,14038300,31390100,545876000,93194500
2022-11-16,64218300,3645800,7893400,24093300,649547000,68508500
2022-11-17,80389400,4574400,8820200,23123500,710894000,74496300
2022-11-18,74829600,4321100,9468500,27613500,492072000,92922500
2022-11-21,58724100,4766500,7800500,26394700,404739000,51243200
2022-11-22,51804100,3203800,9185700,19665700,472866000,60429000
2022-11-23,58301400,4167000,7316200,19508500,427241000,68261600
2022-11-25,35195900,1436500,3220500,9200800,167934000,30545400
2022-11-28,69246000,4052900,9906900,24778200,303741000,67881600
2022-11-29,83763800,2620600,7925300,17956300,298384000,52310000
2022-11-30,111380900,4874700,14761200,47594200,565298000,144566700
2022-12-01,71250400,8625800,8858500,26041500,470977000,76398200
2022-12-02,65447400,5185900,8931900,21528500,371389000,85342700
2022-12-05,68826400,5436200,10154500,23435300,352255000,77289800
2022-12-06,64727200,3597800,13966700,22463700,352694000,77972200
2022-12-07,69721100,4610700,11739400,20481500,372388000,65927900
2022-12-08,62128300,3217900,8907300,22611800,515456000,60737900
2022-12-09,76097000,5431300,7957800,20609700,465338000,81447700
2022-12-12,70462700,3504400,8841600,30665100,457328000,75405800
2022-12-13,93886200,6750200,10025400,42196900,656589000,123782500
2022-12-14,82291200,5643000,9966100,35410900,496888000,108111300
2022-12-15,98931900,8363000,12087800,35560400,478542000,117705900
2022-12-16,160156900,5372000,21133700,86102000,478232000,119858000
2022-12-19,79592600,3940500,9017200,29696400,354039000,79878100
2022-12-20,77432800,7803100,8549900,25150800,403260000,74427200
2022-12-21,85928000,3990100,8051700,23690600,325025000,78167400
2022-12-22,77852100,5672700,8648200,28651700,565045000,100120900
2022-12-23,63814900,2912300,5091900,21207000,349326000,59857300
2022-12-27,69007800,6885700,5411000,16688600,464902000,51638200
2022-12-28,85438400,3662500,8827700,17457100,351066000,70911500
2022-12-29,75703700,3345900,6585200,19770700,354923000,66970900
2022-12-30,77034200,2864500,9292500,21938500,310490000,84022200
2023-01-03,112117500,7992900,11054800,25740000,401277000,74850700
2023-01-04,89113600,7574600,11687600,50623400,431324000,85934100
2023-01-05,80962700,4692600,8381300,39585600,389168000,76970500
2023-01-06,87754700,7889000,10029100,43613600,405044000,104189600
2023-01-09,70790800,5134500,8482300,27369800,504231000,73978100
2023-01-10,63896200,4398400,9048700,27033900,384101000,65358100
2023-01-11,69458900,3374200,8703700,28669300,353285000,68881100
2023-01-12,71379600,6936900,11001700,27269500,551409000,90157700
2023-01-13,57809700,7468800,20200000,21333300,447287000,63903900
2023-01-17,63646600,6610800,14292900,29831300,511102000,62677300
2023-01-18,69672800,5384700,13392600,30028700,439624000,99632300
2023-01-19,58280400,6678700,13303400,28623000,452932000,86958900
2023-01-20,80223600,5754800,13092500,35389800,564967000,91806400
2023-01-23,81760300,5265500,10487100,31934000,655163000,84178800
2023-01-24,66435100,4604600,6945000,40234400,496204000,59524900
2023-01-25,65799300,6925300,8967000,66526600,449537000,84800300
2023-01-26,54105100,5860100,7487600,33454500,489535000,72287400
2023-01-27,70555800,6052700,7489900,26498900,542142000,68346200
2023-01-30,64015300,4210700,6729300,25867400,488611000,74202000
2023-01-31,65874500,5976900,9188700,26541100,498017000,86811800
2023-02-01,77663600,7996000,8841800,31259900,660477000,101459200
2023-02-02,118339000,8842400,11822100,39940400,564276000,101654500
2023-02-03,154357300,13674400,11501200,29077300,429366000,94736800
2023-02-06,69858300,8957000,8406200,22518000,452197000,60295300
2023-02-07,83322600,6794200,10447900,50841400,664150000,90990700
2023-02-08,64120100,4075600,6958000,54686000,559651000,76227500
2023-02-09,56007100,5361300,6443100,42375100,523876000,78694900
2023-02-10,57450700,2971100,6582900,25818500,550737000,70769700
2023-02-13,62199000,3970800,7134600,44630900,474919000,64913500
2023-02-14,61707600,5403100,9249400,37047900,675474000,88389300
2023-02-15,65573800,5423800,6728300,28922400,420575000,61555700
2023-02-16,68167900,4540400,8165300,29603600,412026000,76431500
2023-02-17,59144100,4809800,7948800,30000100,465888000,89257800
2023-02-21,58867200,4035900,9996300,28397400,410015000,82655900
2023-02-22,51011300,4105700,11107500,22491100,513184000,83742300
2023-02-23,48394200,5073500,8068000,29219100,1117995000,96242400
2023-02-24,55469600,6496500,9126900,24990900,589716000,108194400
2023-02-27,44998500,4509200,10014700,21190000,452994000,80444700
2023-02-28,50547000,6761600,11019800,22491000,455963000,96438600
2023-03-01,55479000,6590500,7139200,27565300,460026000,99706800
2023-03-02,52238100,3950700,11106800,24808200,389415000,85127800
2023-03-03,70732300,6894500,9513100,30760100,412393000,90120000
2023-03-06,87558000,4264100,9261300,24109800,437429000,72795900
2023-03-07,56182000,8713300,11747600,21473200,515154000,108310600
2023-03-08,47204800,5718600,10002500,17340200,513573000,74746600
2023-03-09,53833600,5583000,25888100,26653400,501257000,111945300
2023-03-10,68572400,13803400,37599700,28333900,474866000,189253000
2023-03-13,84457100,20554400,42901100,33339700,421890000,157790000
2023-03-14,73695900,10019000,29648100,33620300,474910000,149752400
2023-03-15,77167900,14546100,34280600,46028000,524486000,172996900
2023-03-16,76161100,10762200,24558500,54768800,583253000,143254200
2023-03-17,98944600,24156300,38396000,69527400,848547000,140553400
2023-03-20,73641400,11845700,22875500,43466600,432747000,93055800
2023-03-21,73938300,10734500,17807800,34558700,547408000,91524200
2023-03-22,75701800,11969600,17250200,34873300,797295000,111746600
2023-03-23,67622100,11347100,16677600,36610900,564889000,119351300
2023-03-24,59196500,9245900,22311100,28172000,454920000,107682400
2023-03-27,52390300,6925000,18853900,26840200,361026000,74010400
2023-03-28,45992200,6202600,10820500,21878600,356104000,62871700
2023-03-29,51305700,4996500,14595300,25087000,393694000,77497900
2023-03-30,49501700,6360300,12134700,25053400,364516000,69840000
2023-03-31,68749800,8003300,13105200,32766000,433933000,112062600
2023-04-03,56976200,9206600,11775400,24883300,398716000,67391100
2023-04-04,46278300,13765400,11579900,25824300,368592000,66601500
2023-04-05,51511700,11440800,9614700,22064800,515015000,65200200
2023-04-06,45390100,6648400,8760200,29770300,397654000,63743300
2023-04-10,47716900,6408100,9477300,23103000,395279000,63681000
2023-04-11,47644200,6031500,10516300,27276600,314378000,59297900
2023-04-12,50133100,10000900,11821000,27403400,446259000,86420400
2023-04-13,68445600,14060100,12450200,24222700,353615000,85814800
2023-04-14,49386500,13272500,43931300,20987900,395660000,78161500
2023-04-17,41516200,7468100,16050500,23836200,321471000,66436400
2023-04-18,49923000,8056900,13760100,20161800,604812000,63560000
2023-04-19,47720200,7373500,9158100,17150300,358660000,55227300
2023-04-20,52456400,5789900,10586200,23244400,427713000,75840400
2023-04-21,58337300,10698700,11842500,21676400,345103000,73457400
2023-04-24,41949600,8303400,7567500,26611000,339282000,64332100
2023-04-25,48714100,8451900,10629300,45772200,378527000,97766700
2023-04-26,45498800,8203600,14416100,64599200,406337000,80447000
2023-04-27,64902300,9107400,9041100,46462600,377161000,92968400
2023-04-28,55275900,6700400,9887300,36469600,292216000,89433100
2023-05-01,52472900,7997700,20415800,21294100,570329000,62122300
2023-05-02,48425700,14680600,14113400,26404400,402730000,103998500
2023-05-03,65136000,11133800,12930900,22360800,383387000,91531800
2023-05-04,81235400,14146800,17089200,22519900,321850000,94901900
2023-05-05,113453200,12508100,11261400,28197100,361494000,87891800
2023-05-08,55962800,6075400,7484900,21318600,344979000,50046800
2023-05-09,45326900,7098800,7343600,21340800,314869000,49220100
2023-05-10,53724500,9392100,8133400,30078000,369350000,96142900
2023-05-11,49514700,8245500,7057300,31680200,322149000,70157100
2023-05-12,45533100,7087500,9988600,19774700,274222000,70481500
2023-05-15,37266700,5518100,7639500,16336500,293926000,54289400
2023-05-16,42110300,9519500,6477200,26730300,449405000,57705500
2023-05-17,57951600,7474300,12711500,24315000,432535000,87287000
2023-05-18,65496700,8812600,10999600,27276000,748725000,97177200
2023-05-19,55809500,8435000,13492200,27546700,473908000,103793300
2023-05-22,43570900,4834300,11402500,24115700,372000000,60745400
2023-05-23,50747300,6345000,9514900,30797200,356253000,86383500
2023-05-24,45143500,6732900,8578000,23384900,721419000,89213700
2023-05-25,56058300,6919200,8472500,43301700,1543911000,90961600
2023-05-26,54835000,5823700,8579900,36630600,714397000,93830000
2023-05-30,55964400,4906100,7399900,29503100,923401000,72216000
2023-05-31,99625300,8497900,14219900,45950600,1002580000,110811800
2023-06-01,68901800,7300500,12248100,26773900,635873000,88865000
2023-06-02,61996900,8726100,12922500,25873800,482731000,91426200
2023-06-05,121946500,5748800,8511900,21307100,396094000,65460200
2023-06-06,64848400,4967200,9329500,20396200,388729000,64022200
2023-06-07,61944600,9066500,9281400,40717100,511998000,85373300
2023-06-08,50214900,6394100,7368100,23277700,417772000,61952800
2023-06-09,48900000,4379200,7249100,22529000,427717000,85742800
2023-06-12,54274900,4873600,7596600,24260300,388701000,76104300
2023-06-13,54929100,5126700,7701600,22951300,613208000,95899700
2023-06-14,57462900,6807000,9068700,26003800,740465000,100612100
2023-06-15,65433200,6739000,9343100,38899100,568622000,110303100
2023-06-16,101256200,8779100,13813500,46552000,655709000,114165800
2023-06-20,49799100,7584200,8428600,26375400,451153000,76160400
2023-06-21,49515700,6702300,9926500,25117800,551603000,76982300
2023-06-22,51245300,7945000,10075200,23556800,417737000,70637200
2023-06-23,53117000,5419800,9919500,23146900,358140000,92074500
2023-06-26,48088700,3222100,8429700,21520600,594322000,72823600
2023-06-27,50730800,5036900,8154000,24354100,462175000,72813700
2023-06-28,51216800,5866700,7558600,20259500,582639000,75636000
2023-06-29,46347300,6862500,15423200,16997000,380514000,67882300
2023-06-30,85213200,6420900,14212800,26832800,501148000,104964000
2023-07-03,31458200,4085700,8021600,12508700,198209000,32793400
2023-07-05,46920300,5650600,8934900,18172400,323618000,58418400
2023-07-06,45094300,5133000,9709500,28161200,303582000,80658300
2023-07-07,46815000,5201100,8981500,21214800,355881000,86134200
2023-07-10,59922200,3320500,9100100,32791400,353908000,62443500
2023-07-11,46638100,2818800,11260900,26698200,298244000,64463800
2023-07-12,60750200,7062000,11323200,29995300,481277000,91924500
2023-07-13,41342300,4527900,11234900,20567200,478204000,72425200
2023-07-14,41616200,5390000,27028400,28352700,772075000,69815800
2023-07-17,50520200,4152400,17262400,20363900,510488000,52680200
2023-07-18,48288200,8238000,13491700,64738600,569164000,80668200
2023-07-19,80507300,3911600,12510000,39732900,427502000,65891700
2023-07-20,59581200,4972900,9935900,33778400,537865000,70591600
2023-07-21,71951700,3845400,10636400,69405400,963769000,71275600
2023-07-24,45377800,4370000,14381400,26678100,382516000,54023400
2023-07-25,37283200,4090100,9944700,41637700,348081000,55191200
2023-07-26,47471900,6158400,8728600,58383700,364237000,71052900
2023-07-27,47460200,7592800,10778400,39635300,455976000,92194400
2023-07-28,48291400,3828800,9103800,28484900,331194000,80011800
2023-07-31,38824100,5494800,8892700,25446000,251055000,62040400
2023-08-01,35175100,6239700,6853900,18311900,237858000,55291500
2023-08-02,50389300,6339700,8299400,27761300,530142000,93933400
2023-08-03,61235200,4636300,6084000,18253700,324176000,64276100
2023-08-04,115956800,5326200,6209400,23741500,362666000,100128900
2023-08-07,97576100,4510400,7251800,17741500,322154000,58357500
2023-08-08,67823000,6162900,8623400,22327600,353843000,71361300
2023-08-09,60378500,4644000,6277800,22373300,586449000,78789600
2023-08-10,54686900,5934600,5995100,20113700,492705000,93005500
2023-08-11,52036700,5289700,5180700,24355500,533085000,68690900
2023-08-14,43675600,9554500,5044300,18836100,690286000,47867400
2023-08-15,43622600,7582700,10300300,16966300,676512000,75707500
2023-08-16,46964900,6559400,6978200,20698900,527451000,80107200
2023-08-17,66062900,7937700,9953900,21257200,452395000,95711300
2023-08-18,61172200,6253000,8517500,24755000,583768000,98852000
2023-08-21,46311900,4206400,8327000,24040000,692573000,68719000
2023-08-22,42038900,5892200,9673300,16084600,755293000,64994200
2023-08-23,52722800,7949100,7858000,21166400,779046000,68441000
2023-08-24,54945800,5526400,6534000,23281400,1156044000,88517300
2023-08-25,51449600,6132800,6695500,21684100,925341000,102325100
2023-08-28,43820700,4740700,5094100,14808500,685192000,61595400
2023-08-29,53003900,7576600,6337000,19284600,701397000,83081900
2023-08-30,60813900,6593700,6277300,15222100,735206000,69053900
2023-08-31,60794500,4795600,10933900,26411000,528570000,66084600
2023-09-01,45766500,4970700,7903500,14942000,463830000,58944100
2023-09-05,45280000,7056800,7854700,18553900,382653000,55166200
2023-09-06,81755800,6427200,8629200,17535800,468670000,70758500
2023-09-07,112488800,3257200,8373700,18381000,433330000,70355400
2023-09-08,65551300,3292700,7107900,19530100,473069000,61659700
2023-09-11,58953100,3689100,6854200,16583300,473966000,60180100
2023-09-12,90370200,4445400,8363200,17565500,349256000,67565400
2023-09-13,84267900,3874800,8325900,16544400,398355000,60199300
2023-09-14,60895800,6184400,10034900,20267000,370097000,83430800
2023-09-15,109259500,5620900,19863400,37679800,506831000,111848900
2023-09-18,67257600,5049300,6512400,16834200,500271000,55752200
2023-09-19,51826900,4224700,7943400,16505900,373064000,66514600
2023-09-20,58436200,9328000,7332000,21436500,367108000,82562600
2023-09-21,63149100,7571900,8052400,35560400,450736000,104095800
2023-09-22,56725400,3634800,7071700,21447900,479236000,100829700
2023-09-25,46172700,5582100,7044700,17836000,419091000,70874500
2023-09-26,64588900,7181100,7468400,26297600,402282000,96168400
2023-09-27,66921800,10919600,6717800,19410100,444935000,104705800
2023-09-28,56294400,10061900,8868100,19683600,424663000,92258300
2023-09-29,51861100,10427400,11917800,24147300,397830000,115111300
2023-10-02,52164500,12706000,9170600,20570000,433298000,83798600
2023-10-03,49594600,11459800,9431100,21033500,470850000,103760600
2023-10-04,53020300,10034600,8128700,20720100,361821000,87453000
2023-10-05,48527900,6970200,8576200,16965600,393483000,70142700
2023-10-06,57266700,9948400,10270600,25673600,434436000,113273300
2023-10-09,42390800,10201500,6964900,19891200,409675000,80374400
2023-10-10,43698000,5844000,11288800,20557100,368582000,78607300
2023-10-11,47551100,7128000,8698200,20063200,378137000,62451700
2023-10-12,56743100,5912700,10484400,19313100,481325000,81154200
2023-10-13,51427100,18796500,29427000,21072400,474115000,95143100
2023-10-16,52517000,8385400,12663500,22158000,375099000,75433200
2023-10-17,57549400,8231900,11482700,18338500,812333000,75324700
2023-10-18,54764400,13920800,9620300,23153600,627294000,93559800
2023-10-19,59302900,13406600,11143600,25052100,501233000,121323000
2023-10-20,64244000,12785700,13332900,25027700,477266000,123919900
2023-10-23,55980100,9479800,10133400,24374700,478530000,92035100
2023-10-24,43816600,6594000,8881400,31153600,401463000,78564200
2023-10-25,57157000,10087000,8242600,55053800,398379000,94223200
2023-10-26,70625300,7671400,9109400,37828500,541001000,115156800
2023-10-27,58499100,14102800,17434700,29856500,416784000,107367700
2023-10-30,51131000,8756400,9855500,22828100,388028000,86562700
2023-10-31,44846000,10104600,9672500,20265300,517969000,79665200
2023-11-01,56934900,9048600,9432000,28158800,437593000,98068100
2023-11-02,77334800,7343700,10186200,24348100,409172000,94938900
2023-11-03,79829200,8530400,9538700,23637700,424610000,100167800
2023-11-06,63841300,8274700,7625100,23828300,400733000,67831700
2023-11-07,70530000,6795800,6297900,25833900,343165000,64256100
2023-11-08,49340300,6738300,7618200,26767800,346719000,61746000
2023-11-09,53763500,6486300,7992500,24847300,540496000,83174400
2023-11-10,66133400,7606600,7983300,28042100,421245000,89462200
2023-11-13,43627500,5385900,6676300,19986500,384136000,52236100
2023-11-14,60108400,6831600,9927700,27683900,416954000,97176900
2023-11-15,53790500,4909400,8365300,26860100,475497000,77327600
2023-11-16,54412900,8253300,8126200,27182300,339756000,66665800
2023-11-17,50922700,4871100,7812400,40157000,325205000,83133200
2023-11-20,46505100,5389300,7019000,52465100,414120000,69936200
2023-11-21,38134500,7322400,7083500,28423100,565747000,49244600
2023-11-22,39617700,4337700,5174500,23345300,899420000,59394900
2023-11-24,24048300,2445100,3496900,10176600,294645000,29737400
2023-11-27,40552600,6320400,6259100,22179200,395662000,50506000
2023-11-28,38415400,10901900,6582700,20453100,401491000,62115000
2023-11-29,43014200,8407300,9126100,28963400,382005000,63146000
2023-11-30,48794400,7558100,9869800,30554400,526247000,79752700
2023-12-01,45704800,16727600,8916000,33040500,369317000,89183400
2023-12-04,43389500,18460500,9607500,32063300,437543000,72430900
2023-12-05,66628400,7027700,9135600,23065000,371718000,69793500
2023-12-06,41089700,5778600,9366000,21182100,380590000,69124700
2023-12-07,47477700,5802000,8130900,23118900,350823000,66995400
2023-12-08,53406400,7883200,7369400,20154400,359224000,83194400
2023-12-11,60943700,8519500,8093900,27708800,509728000,65002200
2023-12-12,52696900,5056900,10223000,24838300,372387000,68327600
2023-12-13,70404200,10635500,12379100,30955500,447792000,93278000
2023-12-14,66831600,9107200,13643000,43277500,391232000,119026000
2023-12-15,128538400,8324800,20309300,78502300,479948000,141553700
2023-12-18,55751900,5358000,8469600,21802900,412587000,70375300
2023-12-19,40714100,6025600,10345700,20603700,464444000,55761800
2023-12-20,52242800,6002400,10734700,26316700,397894000,102921000
2023-12-21,46482500,4620000,7601700,17708000,300425000,86667500
2023-12-22,37149600,7176300,6576300,17107500,252507000,67160400
2023-12-26,28919300,4502700,4683600,12673100,244200000,55387000
2023-12-27,48087700,5813300,6428600,14905400,233648000,68000300
2023-12-28,34049900,6171500,6320100,14327000,246587000,77158100
2023-12-29,42672100,4612300,6435100,18730800,389293000,122283100
